Nombre,Breve descripción,Componentes,Concentración,Círculo,Duración,Esferas,Materiales,Rango,Ritual,Tiempo de lanzamiento
Llama Viva,Manipula llamas cercanas y crea una llama flotante en tu palma que sirve como luz y proyectil ígneo.,"S, V",No,Truco,Instantáneo (ataque) / Hasta que se disipe (llama de palma),Energía,,Toque / 8 casillas,No,1 acción
Eco Vociferante,"Amplifica o silencia tu voz, agudiza tu oído y desata ondas sónicas dañinas en área o cono.","S, V",No,Truco,Instantáneo/ 1 minuto,Energía,,Personal (área de 2 casillas / cono de 3 casillas),No,1 acción
Luz Radiante,Crea una luz flotante y coloreada que también puede cegar y quemar a un enemigo con un destello dañino.,"M, V",No,Truco,1 minuto,"Energía, Espejismo",Una luciérnaga o un trozo de musgo fosforescente,"12 casillas ",No,1 acción
Toque de Rayo,"Un rayo brota de tu mano al tocar a un enemigo, dañándolo e impidiendo su ataque de oportunidad.","S, V",No,Truco,Instantáneo,Energía,,Toque (1 casilla),No,1 acción
Mano de Tierra,"Moldea tierra y piedra, crea terreno difícil o lanza una piedra como proyectil contundente.","S, V",No,Truco,"Instantáneo / 1 hora ",Cénit,,12 casillas,No,1 acción
Corriente Viva,"Manipula agua y líquidos, congela superficies o lanza esquirlas de hielo cortantes contra tus enemigos.","S, V",No,Truco,Instantáneo / 1 hora,Catálisis,,9 casillas,No,1 acción
Aliento del Viento,"Genera ráfagas de viento que empujan, mueven objetos o forman un orbe o cono de aire cortante.","S, V",No,Truco,Instantáneo,Cinético,,6 casillas,No,1 acción
Detectar magia,Percibe auras mágicas cercanas y estudia su esfera de origen mediante una breve concentración.,"S, V",Yes,Truco,"Concentración, 10 minutos",Destino,,Personal (radio de 6 casillas),No,1 acción
Mensaje Susurrado,"Envía un susurro inaudible a un objetivo lejano, que puede responderte en secreto.","M, S, V",No,Truco,1 ronda,Mente,Un trozo corto de alambre de cobre,24 casillas,No,1 acción
Filo encantado,"Canaliza tu magia en un arma para golpear con precisión arcana, infligiendo daño radiante adicional.","S, V",No,Truco,Instantáneo,Destino,,1 casilla (cuerpo a cuerpo) o alcance del arma a distancia,No,1 acción
Mano de Mago,Invocas una mano espectral y flotante que manipula objetos ligeros a distancia por ti.,"S, V",No,Truco,1 minuto,Cinético,,6 casillas,No,1 acción
Prestidigitación,"Un puñado de pequeños prodigios mágicos: chispas, llamas, limpieza, marcas y baratijas ilusorias.","S, V",No,Truco,Instantáneo o hasta 1 hora,"Catálisis, Espejismo",,2 casillas,No,1 acción
Ilusión Menor,"Creas un sonido o una imagen ilusoria dentro de un cubo de 1,5 metros de lado.","M, S",No,Truco,1 minuto,Espejismo,una pizca de lana o vidrio,6 casillas,No,1 acción
Garrote Salvaje,"Imbuye un garrote o bastón con poder natural, volviéndolo un arma mágica improvisada.","M, S, V",No,Truco,1 minuto,"Cénit, Simbiosis",Una ramita de muérdago y una hoja de trébol,Toque (1 casilla),No,1 acción adicional
Zarza Atrapadora,Plantas agresivas brotan del suelo y sujetan con fuerza a tu objetivo.,"M, S, V",Yes,Truco,"Concentración, hasta 1 minuto",Simbiosis,Una semilla o espina,6 casillas,No,1 acción
Susurro de Encanto,Susurras palabras cargadas de sugestión que ablandan la voluntad de un humanoide.,V,No,Truco,1 hora,Mente,,"6 casillas ",No,1 acción
Burla Arcana,Lanzas insultos con sutiles encantamientos que perforan la confianza de tu enemigo.,V,No,Truco,Instantáneo,Mente,,"6 casillas ",No,1 acción
Remiendo Menor,Repara una rotura o desgarro menor en un objeto sin dejar rastro del daño.,"M, S, V",No,Truco,Instantáneo,"Cinético, Restauración",Dos piezas de metal unidas por un imán,Toque,No,1 minuto
Toque de la Tumba,Canalizas el frío de la tumba en un golpe que impide sanar a tu enemigo,"S, V",No,Truco,Instantáneo,Ruina,,Toque,No,1 acción
Luces Danzantes,"Cuatro luces flotantes, o una silueta luminosa, iluminan tu camino a voluntad.","M, S, V",Yes,Truco,"Concentración, hasta 1 minuto","Energía, Espejismo",Una pizca de fósforo o musgo luminoso,24 casillas,No,1 acción
Hebra de Pensamiento,"Extraes un recuerdo, idea o mensaje de tu mente y lo conviertes en un hilo de energía tangible.",S,No,Truco,Hasta ser disipado,Mente,,Personal,No,1 acción
Guía Sutil,Susurras una guía silenciosa que agudiza los sentidos y el talento de un aliado dispuesto.,"S, V",Yes,Truco,Concentración hasta 1 minuto,Destino,,Toque,No,1 acción
Astilla Mental,Un fragmento de pura intrusión psíquica se clava en la mente de tu objetivo.,V,No,Truco,Instantáneo,Mente,,12 casillas,No,1 acción
Colmillo Corrosivo,Canalizas magia primigenia que afila tus dientes o uñas en un instante corrosivo.,S,No,Truco,Instantáneo,"Catálisis, Simbiosis",,Toque,No,1 acción
Aliento Estable,Un susurro de energía vital impide que una vida al borde de la muerte se apague.,S,No,Truco,Instantáneo,Restauración,,3 casillas,No,1 acción
Toque del Caos,Manifiestas energías caóticas menores sobre el cuerpo de una criatura dispuesta.,"S, V",No,Truco,Hasta ser disipado,Simbiosis,,Toque,No,1 acción
Impulso Fugaz,Un breve destello de poder realza momentáneamente el cuerpo de un aliado.,"S, V",No,Truco,1 ronda,"Cinético, Energía, Restauración",,12 casillas,No,1 acción adicional
Chispa Radiante,Una mota de luz sagrada busca la carne del objetivo y expone lo que se oculta.,"S, V",No,Truco,Instantáneo,"Destino, Espejismo",,12 casillas,No,1 acción
Objeto fantasma,Conjuras de la nada un objeto mundano que regresa al éter cuando dejas de necesitarlo.,"S, V",No,Truco,Hasta ser disipado,"Cénit, Origen",,Personal,No,1 acción
Estallido Ácido,"Una burbuja de ácido crece en el aire y revienta, salpicando a quienes estén cerca.","S, V",No,Truco,Instantáneo,Catálisis,,12 casillas,No,1 acción
Titiritero de Sangre,"Manipulas un charco de sangre para que espume, cobre forma o fluya a tu voluntad.",S,No,Truco,Instantáneo  / 1 hora,"Catálisis, Ruina",,6 casillas,No,1 acción
Aguja Venenosa,Lanzas una aguja punzante empapada en veneno destructor.,"S, V",No,Truco,Instantáneo,"Origen, Ruina",,24 casillas,No,1 acción
Aliado Artrópodo,Invocas un pequeño espíritu feérico con forma de artrópodo.,"M, S, V",No,Truco,1 hora,"Origen, Simbiosis",Un fragmento de caparazón de insecto,,No,1 acción
Desplazamiento Azaroso,El destino decide hacia dónde se teletransporta tu objetivo.,"S, V",No,Truco,Instantáneo,Realidad,,12 casillas,No,1 acción
Eco de Conjuro,"Repites el eco de tu último truco lanzado, guiado por el azar del destino.",S,No,Truco,Instantáneo,Realidad,,Personal,No,1 reacción
Niebla Evasiva,Una nube de nébula distorsiona tu silueta y desvía los golpes enemigos.,S,No,Truco,1 ronda,"Espejismo, Realidad",,Personal,No,1 acción adicional
Represalia Elemental,"Una descarga de energía golpea a quien te ha herido, devolviendo el dolor con una explosión elemental instantánea.","S, V",No,1º círculo,Instantáneo,"Catálisis, Cinético, Destino, Energía, Mente, Ruina",,"6 casillas ",No,1 reacción
Absorción Elemental,"El conjuro atrapa parte de la energía entrante, mitigando el golpe y canalizándolo hacia tu próximo ataque.",S,No,1º círculo,1 ronda,"Catálisis, Cinético, Destino, Energía, Mente, Ruina",,Personal,No,1 reacción
Alarma,Tejes una barrera invisible de alerta mágica alrededor de un punto o área que deseas proteger.,"M, S, V",No,1º círculo,8 horas,"Mente, Restauración",Una campanilla diminuta y un trozo de alambre de plata fina,6 casillas,Yes,1 minuto
Vínculo Bestial,"Estableces un lazo mental con una bestia amistosa, compartiendo sentidos e instintos de caza.","M, S, V",Yes,1º círculo,"Concentración, hasta 10 minutos","Mente, Simbiosis",Un poco de pelo de animal,6 casillas,No,1 acción adicional
Tentáculos de Ébano,"Zarcillos oscuros y retorcidos brotan del suelo, envolviendo a quien se acerca demasiado.","M, S, V",Yes,1º círculo,"Concentración, hasta 1 minuto","Origen, Ruina","Un tentáculo pequeño de pulpo o calamar, seco",12 casillas,No,1 acción
Orden,"Una sola palabra, cargada de voluntad mágica, obliga a tu objetivo a obedecer al instante.",V,No,1º círculo,1 ronda,Mente,,12 casillas,No,1 acción
Duelo Forzado,"Retas mágicamente a un rival a centrar toda su atención en ti, ignorando a los demás combatientes.",V,Yes,1º círculo,Concentración hasta 1 minuto,"Destino, Mente",,6 casillas,No,1 acción adicional
Creación o Destrucción de Agua,"Manipulas el agua misma, invocándola desde la nada o disolviéndola por completo en un instante.","M, S, V",No,1º círculo,Instantáneo,Catálisis,"Una gota de agua si creas agua, o unos granos de arena si la destruyes",6 casillas,No,1 acción
Familiar Espiritual,"Un pequeño fragmento de tu alma cobra forma animal, sirviéndote con lealtad, sentidos compartidos y un vínculo telepático inquebrantable.","M, S, V",No,1º círculo,"Permanente (hasta ser disipado, despedido o destruido)",Origen,"Incienso y hierbas quemadas, más una pequeña figura tallada con la forma de tu familiar, valorada en 10 po, que se consume al lanzar el conjuro",Toque (aparece en un espacio libre a 2 casillas de ti),Yes,1 hora
Cuerda Viviente,"La cuerda se retuerce como una serpiente obediente, atando enemigos, sujetando objetos o anclándose donde tú ordenes.","M, S, V",Yes,1º círculo,Concentración hasta 1 minuto,Cinético,Un trozo de cuerda de 3 a 12 casillas de largo,"Toque (la cuerda debe estar en tu poder; sus órdenes alcanzan hasta 12 casillas, según la longitud de la cuerda)",No,1 acción
Buenas Bayas,"Diez bayas brillantes maduran en tu mano, cada una capaz de nutrir y sanar a quien las consuma.","M, S, V",No,1º círculo,Instantáneo (las bayas conservan su magia durante 24 horas),"Restauración, Simbiosis",Una baya,Toque,No,1 acción
Baluarte de Fuerza,"Una burbuja de fuerza elástica envuelve a tu aliado, absorbiendo el daño entrante hasta que se agote su energía.","S, V",Yes,1º círculo,Concentración hasta 1 minuto,"Cinético, Restauración",," 6 casillas",No,1 acción
Oleada Elemental,"Una ola helada brota de tus manos, arrastrando y congelando a quienes se interponen en su camino.","S, V",No,1º círculo,Instantáneo,"Catálisis, Cinético",,Personal (línea de 6 casillas de largo y 1 casilla de ancho),No,1 acción
Grasa,"Una capa aceitosa y resbaladiza cubre el suelo, haciendo tropezar a quien intente cruzarla sin cuidado.","M, S, V",No,1º círculo,1 minuto,Catálisis,Un trozo de corcho,12 casillas,No,1 acción
Sirviente Invisible,"Una fuerza invisible y obediente aparece para servirte, realizando tareas simples según tus órdenes mentales.","M, S, V",No,1º círculo,1 hora,"Cinético, Espejismo","Un trozo de arcilla, madera y fibra tejida con la vaga forma de un humanoide",12 casillas,Yes,1 acción
Proyectil Mágico,"Tres dardos de energía arcana brillante emergen de tus dedos, golpeando sin fallar a tus objetivos elegidos.","S, V",No,1º círculo,Instantáneo,Cinético,,24 casillas,No,1 acción
Marca Protectora,"Trazas un sigilo brillante que se funde en tu piel, envolviéndote en una fina película de energía protectora.","S, V",Yes,1º círculo,"Concentración, hasta 1 minuto",Restauración,,Uno mismo,No,1 acción
Armas Espectrales,"Invocas dos armas espectrales idénticas, forjadas de luz condensada, que obedecen tu voluntad al lanzarse contra tus enemigos.","S, V",No,1º círculo,Instantáneo,"Espejismo, Origen",,12 casillas,No,1 acción
Rayo Tóxico,"Escupes un rayo viscoso y verdoso de toxinas concentradas que se adhiere a la piel del objetivo, corroyéndola lentamente.","S, V",No,1º círculo,Instantáneo,Simbiosis,,12 casillas,No,1 acción
Sentido Ponzoñoso,"Tus sentidos se agudizan por un instante, dejándote percibir venenos ocultos y peligros mecánicos escondidos a tu alrededor.","S, V",Yes,1º círculo,Concentración hasta 10 minutos,"Destino, Simbiosis",,"Uno mismo (radio de 6 casillas para venenos, 24 casillas para trampas)",Yes,1 acción
Comprensión de Lenguas,"Murmuras una letanía que abre tu mente a todos los idiomas, tejiendo comprensión donde antes solo había sonidos extraños.",V,No,1º círculo,1 hora,Mente,,Uno mismo,Yes,1 minuto
Prisión de Tierra y Hielo,"El suelo se alza y se congela alrededor del objetivo, envolviéndolo en una coraza de piedra o hielo puro.","S, V",Yes,1º círculo,"Concentración, hasta 1 minuto","Catálisis, Cénit",,9 casillas,No,1 acción
Manto de Niebla,"Una densa niebla brota de la nada, envolviendo el área en un manto gris que oculta todo a la vista.","S, V",Yes,1º círculo,Concentración hasta 1 minuto,Espejismo,,24 casillas,No,1 acción
Intercambio Mental,"Nublas la mente de tu víctima, haciendo que confunda dos cosas idénticas en tamaño mientras cree percibir la realidad intacta.","M, S, V",No,1º círculo,1 hora,"Espejismo, Mente","Algo de la criatura objetivo —sangre, cabello, escamas— que el conjuro consume",18 casillas,Yes,1 acción
Fortuna Dividida,"Un halo dorado bendice a tus aliados mientras una sombra fría maldice a tus enemigos, alterando su destino inminente.","M, S, V",Yes,1º círculo,"Concentración, hasta 1 minuto",Destino,Una pequeña esfera de cristal pulido," 6 casillas",No,1 acción
Maldición Persistente,Marcas a un enemigo con energía corrupta que devora su vitalidad y nubla su mente cada vez que lo hieres.,"M, S, V",Yes,1º círculo,Concentración hasta 1 minuto,Ruina,Un fragmento de hueso de un cementerio,12 casillas,No,1 acción adicional
Velo Protector,"Envuelves a un aliado en una barrera invisible que desvía los ataques dirigidos hacia él, protegiéndolo de todo daño directo.","M, S, V",Yes,1º círculo,Concentración gasta 1 minuto,Restauración,Un pequeño amuleto,6 casillas,No,1 acción
Armadura Arcana,"Una capa de fuerza invisible envuelve tu cuerpo, endureciéndose como acero ante cualquier golpe mientras no lleves armadura física.","M, S, V",No,1º círculo,8 horas,Cénit,Un trozo de cuero curtido,Toque,No,1 acción
Manos Ígneas,"Un abanico de llamas brota de tus manos, abrasando a quienes se encuentren frente a ti en un instante.","S, V",No,1º círculo,Instantáneo,Energía,,Personal,No,1 acción
Rayo Rebotante,"Un relámpago azulado sale disparado de tus dedos, capaz de rebotar en superficies sólidas para alcanzar objetivos ocultos.","M, S, V",No,1º círculo,Instantáneo,Energía,un trozo de musgo fosforescente y un pequeño alambre de cobre,"Personal (línea de 20 casillas de largo, 1 casilla de ancho)",No,1 acción
Rostro Cambiante,"Alteras tu apariencia física y la de tus pertenencias, pareciendo más alto, más bajo, más pesado o más ligero.","S, V",Yes,1º círculo,Concentración hasta 1 hora,Espejismo,,Personal,No,1 acción
Escritura Ilusoria,Escribes un mensaje oculto bajo una ilusión que solo tú y quienes elijas pueden leer con claridad.,"M, S",No,1º círculo,10 dias,Espejismo,"tinta especial a base de plomo, valor 10 po; se consume al lanzar el conjuro",Toque,Yes,1 minuto
Toque de Ruina,"Un ansia oscura recorre tu brazo, drenando la vitalidad del enemigo herido para alimentar tu propio cuerpo.","S, V",No,1º círculo,Instantáneo,Ruina,,Personal,No,1 reacción
Salvaguarda contra lo Sobrenatural,Envuelves a un aliado en una barrera protectora que repele la influencia de criaturas extraplanares y no muertas.,"M, S, V",Yes,1º círculo,Concentración hasta 10 minutos,"Mente, Restauración","Una pizca de sal consagrada, sin coste",Toque,No,1 acción
Coraje Inquebrantable,"Infundes valentía pura en un aliado, haciendo que el miedo resbale sin dejar huella en su voluntad.","S, V",Yes,1º círculo,Concentración hasta 1 minuto,"Mente, Restauración",,Toque,No,1 acción
Cadenas de Luz,"Grilletes de luz dorada atan a tu enemigo a un punto fijo, resistiendo cualquier intento de alejarse.","M, S, V",Yes,1º círculo,Concentración hasta 1 minuto,Origen,"Un pequeño eslabón de cadena dorada, se consume al lanzarlo",6 casillas,No,1 acción
Vínculo con el Objeto,"Un lazo invisible conecta tu mano con un objeto distante, listo para regresar a tu voluntad.","M, S, V",No,1º círculo,1 hora,"Origen, Realidad","Un trozo de cordel atado al objeto, sin coste",Toque,Yes,1 minuto
Caída Reorientada,Alteras la gravedad a tu alrededor y te lanzas en caída controlada hacia cualquier dirección que elijas.,"S, V",No,1º círculo,Hasta el final de tu turno,Cinético,,Personal,No,1 acción
Salto del Viajero,"Impulsas las piernas de un aliado con energía elástica, permitiéndole saltar distancias imposibles para un mortal.","M, S, V",No,1º círculo,1 minuto,Realidad,"La pata trasera de un saltamontes, sin coste",Toque,No,1 acción adicional
Identificar,"Tu mente se sintoniza con los secretos arcanos de un objeto, revelando sus propiedades y ataduras mágicas.","M, S, V",No,1º círculo,Instantáneo,Destino,"Una perla de al menos 100 po, no se consume, y una pluma de búho, sin coste",Toque,Yes,1 minuto
Aumento Gravitacional,"La gravedad se retuerce sobre un punto elegido, aplastando a quienes se encuentren cerca con un peso brutal e inesperado.","S, V",No,1º círculo,Instantáneo,"Cénit, Realidad",,12 casillas,No,1 acción
Puños de Tormenta,"Tus manos chisporrotean con electricidad contenida, lista para descargarse en el próximo golpe certero.",S,No,1º círculo,Hasta el inicio de tu próximo turno,Energía,,Personal,No,1 acción
Manantial de Fuego,"El suelo se abre y brota fuego vivo, formando una hoguera indomable que se extiende sin control.","S, V",Yes,1º círculo,"Concentración, hasta 1 minuto",Energía,,12 casillas,No,1 acción
Andanada de Piedra,Piedras enormes emergen de una superficie cercana y salen disparadas hacia tus enemigos con fuerza brutal.,"M, S, V",No,1º círculo,Instantáneo,Cénit,Un guijarro,6 casillas,No,1 acción
Látigo de Agua,"Un chorro de agua se retuerce en tu mano como un látigo vivo, listo para golpear o derribar.","S, V",No,1º círculo,1 minuto,Catálisis,,Personal (alcance de 2 casillas),No,1 acción
Proyectil Espectral,"Un duplicado espectral se superpone a tu munición, listo para golpear a un segundo enemigo.","M, S, V",No,1º círculo,Hasta el final de tu próximo turno,Cinético,Una pieza de munición o arma arrojadiza que estés tocando,Toque,No,1 acción
Decadencia Putrefacta,Infliges una podredumbre mágica que corrompe la carne y debilita cualquier intento de sanación.,"S, V",Yes,1º círculo,"Concentración, hasta 1 minuto",Ruina,,Toque,No,1 acción
Flecha del Destino,"El destino guía tu próximo disparo, asegurando que encuentre su blanco con precisión letal.","M, S, V",No,1º círculo,Hasta que se realice el ataque,Destino,Una pieza de munición o arma arrojadiza que estés tocando,Toque,No,1 acción
Zarcillo Punzante,"Al herir a tu presa, zarcillos espinosos brotan de tu proyectil y se clavan en la carne cercana.","S, V",No,1º círculo,Instantánea,Simbiosis,,Personal,No,1 reacción
Zarza Cautiva,El suelo se agrieta y de él brotan zarzas retorcidas que se aferran a todo lo que se mueve entre ellas.,"S, V",Yes,1º círculo,"Concentración, hasta 1 minuto","Cénit, Simbiosis",,18 casillas,No,1 acción
Fosa Repentina,"Con una palabra, la tierra se hunde y se abre bajo los pies de tus enemigos, tragándolos.","M, S, V",No,1º círculo,Instantánea,Cénit,Un puñado de tierra,12 casillas,No,1 acción
Explosión de tinta,Una bomba de tinta arcana revienta y empapa al enemigo; ve oscuridad y nada más.,"M, S, V",No,1º círculo,"Instantáneo ","Catálisis, Espejismo","Un frasco de tinta de calamar, 2 PO",8 casillas,No,1 acción
Objeto Animado,Da vida a un objeto,"M, S, V",No,2º círculo,"Concentración, hasta 10 minutos, o hasta que sea destruido","Cénit, Destino",Un objeto pequeño no mágico o de menor tamaño,12 casillas,No,1 acción
Planta Despierta,Anima una planta,"M, S, V",Yes,2º círculo,"Concentración, hasta 10 minutos, o hasta que sea destruida",Simbiosis,Una planta pequeña o menor," 12 casillas",No,1 acción
Telaraña,Telarañas pegajosas,"M, S, V",Yes,2º círculo,"Concentración, hasta 1 hora",Simbiosis,un poco de telaraña,12 casillas,No,1 acción
Abrojos Mágicos,Abrojos punzantes,"M, S, V",Yes,2º círculo,"Concentración, hasta 1 minuto","Cinético, Cénit",Un puñado de abrojos de hierro — sin coste,12 casillas,No,1 acción
Prisa,Duplica tu velocidad,"M, S, V",Yes,2º círculo,"Concentración, hasta 1 minuto","Cinético, Realidad",una brizna de raíz de regaliz masticada — sin coste,6 casillas,No,1 acción
Realidad Fracturada,Altera su percepción,"S, V",No,2º círculo,Hasta 1 minuto,"Mente, Realidad",,12 casillas,No,1 acción
Pozo Gravitacional,Aplasta con gravedad,"S, V",No,2º círculo,Aplasta con gravedad,Cénit,,12 casillas,No,1 acción
Aliento Cromático,Un cono de energía cromática caótica y multiesférica.,"M, S, V",No,2º círculo,Instantáneo,"Catálisis, Cinético, Cénit, Destino, Energía, Espejismo, Mente, Origen, Realidad, Restauración, Ruina, Simbiosis","Una escama multicolor, sin coste",Personal (cono de 6 casillas),No,1 acción
Hoja Cromática,Una hoja espectral que cambia con la esfera elegida.,S,Yes,2º círculo,"Concentración, hasta 1 minuto","Catálisis, Cinético, Cénit, Destino, Energía, Espejismo, Mente, Origen, Realidad, Restauración, Ruina, Simbiosis",,Personal,No,1 acción adicional
Sudario Protector,Preserva un cadáver de la descomposición.,"M, S, V",No,2º círculo,10 días,Restauración,Una pizca de sal y dos monedas de cobre colocadas sobre los ojos del cadáver; se consumen,Toque,Yes,1 acción
Endecha del Filo,Tu arma canta una endecha fúnebre y maldiciente.,V,Yes,2º círculo,Concentración. hasta 1 minuto,Ruina,,Personal,No,1 acción adicional
Hedor Pútrido,Una nube de hedor nauseabundo y tóxico,"M, S, V",Yes,2º círculo,"Concentración, hasta 1 minuto",Simbiosis,Un huevo podrido o varias bayas de croto; se consumen,Personal (radio de 4 casillas),No,1 acción
Abrir / Cerrar,Sella o abre mágicamente una entrada.,"M, S, V",No,2º círculo,Instantáneo (Abrir) / Hasta ser disipado (Cerrar),Cinético,"Polvo de oro por valor de 25 po, no se consume; solo necesario para la opción de Cerrar",Toque,No,1 acción
Campo Vengativo,Una zona que castiga a los agresores con luz.,"M, S, V",Yes,2º círculo,"Concentración, hasta 1 minuto",Destino,Una pizca de incienso sagrado; se consume,12 casillas,No,1 acción
Augurio,Recibes un presagio sobre tu futuro,"M, S, V",No,2º círculo,Instantáneo,Destino,"Huesos y monedas grabados con símbolos sagrados, por valor de 25 po; se consumen",Personal,No,1 minuto
Detectar Pensamientos,Percibes mentes cercanas.,"S, V",Yes,2º círculo,"Concentración, hasta 1 minuto",Mente,,6 casillas,No,1 acción
Corcel Espiritual,Invoca un corcel fiel.,"S, V",No,2º círculo,Instantánea,Origen,,6 casillas,No,10 minutos
Localizar Bestia o Planta,Localiza una criatura.,"M, S, V",No,2º círculo,Instantánea,"Destino, Simbiosis",Un pelo de sabueso u otro objeto sensible al olfato,Personal,Yes,1 minuto
Restablecer,Cura una aflicción.,"S, V",No,2º círculo,Instantánea,Restauración,,Toque,No,1 acción
Grilletes de Voluntad,"Tu voluntad paraliza a un humanoide, atrapándolo en una prisión mental.","M, S, V",Yes,2º círculo,"Concentración, hasta 1 minuto",Mente,Un trozo pequeño de hierro recto,12 casillas,No,1 acción
Manto Furtivo,Envuelves a un aliado en sombras que lo ocultan de todo ojo ajeno.,"M, S, V",Yes,2º círculo,"Concentración, hasta 1 hora",Espejismo,Una pestaña envuelta en goma arábiga,Toque,No,1 acción
Centinela de Munición,"Munición transmutada que aguarda, hambrienta, bajo tierra.","M, S, V",No,2º círculo,Hasta que se active o 8 horas,Cinético,"Tres piezas de munición de arma a distancia, se consumen",12 casillas,No,1 acción
Resplandor Consagrado,"Una luz sagrada te envuelve, castigando a quien ose mirarte para herirte.",V,Yes,2º círculo,"Concentración, hasta 1 minuto","Destino, Espejismo",,Personal,No,1 acción
Favor de la Fortuna,Impregnas un arma o un objeto con un capricho del destino.,"M, S, V",Yes,2º círculo,"Concentración, hasta 1 hora",Destino,Una herradura en miniatura o un trébol de cuatro hojas,Toque,No,1 acción
Manto de Silencio,"Un silencio antinatural amortigua cada paso, cada roce, cada palabra.","S, V",Yes,2º círculo,"Concentración, hasta 10 minutos",Espejismo,,12 casillas,No,1 acción
Grilletes de Escarcha,Bandas de hielo cristalino se cierran sobre las extremidades del objetivo.,"S, V",No,2º círculo,1 minuto,Catálisis,,Toque,No,1 acción
Sentido Sísmico,Sintonizas tus sentidos con cada vibración del suelo bajo tus pies.,"S, V",Yes,2º círculo,"Concentración, hasta 10 minutos","Cinético, Cénit",,Personal,No,1 acción
Correo Silvestre,Un mensaje con alas,"M, S, V",No,2º círculo,24 horas,"Mente, Simbiosis",Un bocado de comida que la criatura aprecie; se consume,6 casillas,Yes,1 acción
Estallido Ígneo,Envuelto en llamas,S,No,2º círculo,1 ronda,Energía,,Personal,No,1 acción
Piel Pétrea,Carne hecha piedra,"M, S",No,2º círculo,1 roanda,Cénit,Un fragmento de roca,Personal,No,1 acción
Oleaje Elemental,Fluyes como el agua,S,No,2º círculo,1 ronda,Catálisis,,Personal,No,1 acción
Ráfaga Elemental,Te vuelves viento,S,No,2º círculo,1 ronda,Cinético,,Personal,No,1 acción
Fisura Terrestre,La tierra se abre,"M, S, V",No,2º círculo,Instantáneo,"Cinético, Cénit",Un puñado de tierra,12 casillas,No,1 acción
Danza de Acero,Golpeas y te esfumas,"M, S",No,2º círculo,Instantáneo,Realidad,El arma con la que tienes competencia usada en el lanzamiento,Personal,No,1 acción
Vínculo Tormentoso,Chispas entre golpes,"S, V",Yes,2º círculo,"Concentración, hasta 1 minuto o hasta que el conjuro se agote",Energía,,Toque,No,1 acción
Estruendo Fulminante,Estalla en trueno feroz,"M, S, V",No,2º círculo,Instantáneo,Energía,un pequeño fragmento de mica,12 casillas,No,1 acción
Escritura Celestial,Nubes forman palabras,"S, V",No,2º círculo,"Concentración, hasta 1 hora",Catálisis,,Vista (cualquier punto del cielo que puedas ver),Yes,1 acción
Calabazas Espectrales,Espíritus burlones,"M, S, V",No,2º círculo,Instantáneo,"Mente, Simbiosis","una calabaza tallada en miniatura, que se consume",12 casillas,No,1 acción
Cuerpo de Resorte,Cuerpo elástico y ágil,"S, V",Yes,2º círculo,"Concentración, hasta 1 minuto","Cénit, Simbiosis",,Personal,No,1 acción
Fragmentación Corporal,Tu cuerpo se divide,"S, V",Yes,2º círculo,"Concentración, hasta 1 minuto","Realidad, Simbiosis",,Personal,No,1 acción
Puerta Efímera,Abre paso en un muro,"M, S, V",Yes,2º círculo,"Concentración, hasta 1 minuto",Realidad,un trozo de tiza o carbón,6 casillas,No,1 acción
Llave Arcana,Abre toda cerradura,"M, S, V",No,2º círculo,1 hora,"Cinético, Realidad","Una llave de hierro sencilla, que se consume",Toque,No,1 acción
Refugio de Cuerda,Bolsillo oculto arriba,"M, S, V",No,2º círculo,1 hora,Realidad,polvo de tiza y agua,Toque,No,1 acción
Gotas de Tinta Animada,Tinta viva que ciega,"M, S, V",No,2º círculo,Instantáneo,"Catálisis, Espejismo",Un frasco de tinta,12 casillas,No,1 acción
Vínculo Sanador,Cierra heridas con luz cálida y constante,"M, S, V",No,2º círculo,Instantáneo,Restauración,"Una venda limpia, se consume",6 casillas,No,1 acción
Bola de fuego,Una bola de fuego arrasadora.,"M, S, V",No,3º círculo,Instantáneo,Energía,Una bolita de excremento de murciélago y azufre;,30 casillas,No,1 acción
Vigilia de Restauración,Canto lento que sana el cuerpo cansado.,"M, S, V",No,2º círculo,Instantáneo,Restauración,"Hierbas medicinales de coste trivial, se consumen",Toque,Yes,10 minutos
Marchitar,"Drena la vitalidad, deja la carne yerta.","S, V",No,2º círculo,Hasta que se cure,Ruina,,8 casillas,No,1 acción
Represalia Necrótica,Tu dolor regresa como plaga oscura.,S,No,2º círculo,Instantáneo,Ruina,,Toque,No,1 reacción
Podredumbre Viviente,"Infecta la carne, pudre por dentro.","M, S, V",Yes,2º círculo,"Concentración, hasta 1 minuto",Ruina,"Un trozo de carne podrida, se consume",6 casillas,No,1 acción
"Escudo "," Invoca un escudo.","M, S, V",No,2º círculo,1 ronda,Origen,Un fragmento de metal,Personal,No,1 reacción
Vínculo con el Vacío,Objetos en el vacío.,"M, S, V",No,2º círculo,24 horas,Origen,Un cofre o bolsa pequeña,3 casillas,Yes,10 minutos
Armadura Invocada,Armadura espectral.,"M, S, V",No,2º círculo,10 minutos,Origen,Una miniatura de armadura,Personal,No,1 acción adicional
Manantial de Abundancia,Crea comida y agua de la nada.,"S, V",No,3º círculo,Instnatáneo,"Origen, Simbiosis",,6 casillas,Yes,1 acción
Glifo de Custodia,Una trampa arcana invisible.,"M, S, V",No,3º círculo,Hasta que se activa o se disipa,Cinético,Incienso y aceites raros por valor de 200 po; se consumen,Toque,Yes,1 hora
Círculo de Espíritus Guardianes,Espíritus protectores giran a tu alrededor.,"M, S, V",Yes,3º círculo,"Concentración, hasta 10 minutos",Origen,un símbolo sagrado u objeto ritual apropiado,Personal (emanación de 3 casillas),No,1 acción
Jauría Espectral,Invocas una manada espectral.,"S, V",Yes,3º círculo,"Concentración, hasta 1 hora","Origen, Simbiosis",,12 casillas,No,1 acción
Disrupción Arcana,Interrumpe un conjuro ajeno.,S,No,3º círculo,Instantáneo,Cinético,,12 casillas,No,1 reacción
Vínculo de Hermandad,Une las almas de tus aliados.,"S, V",Yes,3º círculo,"Concentración, hasta 10 minutos","Destino, Mente",,6 casillas,No,1 acción
Égida Elemental,Piel contra energía,"S, V",Yes,3º círculo,Concentración hasta 1 hora,"Catálisis, Cinético, Cénit, Destino, Energía, Mente, Ruina, Simbiosis",,Toque,No,1 acción
Emanación Vital,Aura que restaura,"S, V",Yes,3º círculo,"Concentración, hasta 1 minuto",Restauración,,Personal (emanación de 6 casillas),No,1 acción
Vacío Sideral,Oscuridad hambrienta,"M, S, V",Yes,3º círculo,"Concentración, hasta 1 minuto","Catálisis, Origen",Una gota de pez líquida y un tentáculo de pulpo,30 casillas,No,1 acción
Danza Burlesca,Baile incontrolable,V,Yes,3º círculo,"Concentración, hasta 1 minuto",Mente,,6 casillas,No,1 acción
Domo Arcano,Domo inmóvil seguro,"M, S, V",No,3º círculo,8 horas,"Cinético, Cénit",una pequeña cuenta de cristal,Personal (domo de 2 casillas de radio),Yes,1 hora
Mirada Carmesí,Bruma roja ocular,"S, V",Yes,3º círculo,"Concentración, hasta 1 minuto",Espejismo,,"6 casillas ",No,1 acción
Sesión de Ánimas,Voces del más allá,"S, V",Yes,3º círculo,"Concentración, hasta 10 minutos","Destino, Origen",,Personal,Yes,10 minutos
Tapiz Hipnótico,Un patrón de colores retorcidos ondula en el aire y deja a quien lo contempla en un trance dócil.,"M, S, V",Yes,3º círculo,"Concentración, hasta 1 minuto","Espejismo, Mente",Una varilla de incienso encendida o un vial de cristal con sustancia fosforescente; sin coste,24 casillas,No,1 acción
Muro de Vendaval,"Una muralla de viento huracanado se alza del suelo, golpea a quien la cruza y desvía los proyectiles.","M, S, V",Yes,3º círculo,"Concentración, hasta 1 minuto",Cinético,un abanico  y una pluma de origen exótico; sin coste,24 casillas,No,1 acción
Muro de Arena,Un muro de arena en remolino ciega a quien lo atraviesa y ralentiza cada paso que da.,"M, S, V",Yes,3º círculo,"Concentración, hasta 1 minuto",Cénit,un puñado de arena,18 casillas,No,1 acción
Extremidad de Piedra,"Un haz de energía ámbar y terrosa petrifica un miembro del objetivo, dejándolo rígido e inutilizable.","S, V",Yes,3º círculo,"Concentración, hasta 1 minuto","Cénit, Ruina",,12 casillas,No,1 acción
Pisada Flexible,Tus pisotones vuelven el suelo elástico como el caucho y derriban a quienes te rodean.,S,Yes,3º círculo,"Concentración, hasta 1 minuto","Cinético, Cénit",,Personal,No,1 acción
Siervo No Muerto,"Con magia oscura reanimas un cadáver como siervo obediente, sin memoria ni voluntad, atado a tu maná.","M, S, V",No,3º círculo,Hasta que el siervo sea destruido,Ruina,Un fragmento de hueso y una gota de tu sangre,2 casillas,Yes,1 minuto
Convocar Elemental,"Empuñando un fragmento de materia elemental, invocas un elemento afín que te obedece mientras mantengas la concentración.","M, S, V",Yes,3º círculo,"Concentración, hasta 1 hora",Origen,"Según el elemento, sin coste: incienso ardiendo para aire, arcilla blanda para tierra, azufre y fósforo para fuego, agua y arena para agua)",18 casillas,No,1 acción
Convocar Feérico,Sostienes una flor dorada y llamas a un espíritu feérico que combate a tu lado mientras mantengas la concentración,"M, S, V",Yes,3º círculo,"Concentración, hasta 1 hora",Origen,Una flor dorada,18 casillas,No,1 acción
Convocar Infernal,"Pronunciando su nombre verdadero, invocas a un infernal que te obedece a regañadientes y se vuelve contra ti si flaqueas.","M, S, V",Yes,3º círculo,"Concentración, hasta 1 hora",Origen,un vial de sangre de humanoide,18 casillas,No,1 acción
Hablar con los Muertos,Otorgas una chispa de vida y conciencia a un cadáver humanoide para interrogarlo brevemente sobre sus últimos momentos.,"M, S, V",No,3º círculo,10 minutos,"Destino, Ruina",incienso encendido,2 casillas,Yes,1 acción
Sombra Insurrecta,"Das vida a la sombra de una criatura, creando un doble de humo negro que la ataca bajo tu control","S, V",Yes,3º círculo,"Concentración, hasta 1 minuto","Espejismo, Origen",,12 casillas,No,1 acción
Muñeca de Vínculo,Atas el alma de una criatura a una muñeca y la manipulas a distancia como a un títere.,"M, S, V",Yes,3º círculo,"Concentración, hasta 1 minuto","Mente, Origen",una muñeca de paja o de trapo,12 casillas,Yes,1 acción
Metamorfosis Corporal,"Moldeas tu propia carne con magia y adquieres tres propiedades sobrenaturales, que puedes cambiar durante el conjuro.","S, V",Yes,3º círculo,"Concentración, hasta 1 hora",Simbiosis,,Personal,No,1 acción
Avivar Emociones,"Inflamas emociones intensas en un grupo de humanoides, avivando o dirigiendo su ira, miedo o afecto hacia alguien.","S, V",Yes,3º círculo,"Concentración, hasta 1 minuto",Mente,,12 casillas,No,1 acción adicional
Arma de Espejismos,"Envuelves un arma en una ilusión que crea duplicados fantasmales, otorgándote ventaja en tus ataques con ella.","S, V",Yes,3º círculo,"Concentración, hasta 1 minuto",Espejismo,,Toque,No,1 acción
Espíritus Rastreadores,"Invocas tres espíritus sombríos que salen volando a buscar a una criatura, aunque su regreso puede traer consecuencias.","M, S, V",No,3º círculo,8 horas,"Destino, Origen","un caldero,",6 casillas,Yes,1 minuto
Parpadeo,"Tu cuerpo se desdibuja entre planos y parpadea hacia el Plano Etéreo, desapareciendo del mundo material a ratos.","S, V",No,3º círculo,1 minuto,Realidad,,Personal,No,1 acción
Llamar al Rayo,"Una nube de tormenta se forma sobre ti y descarga relámpagos sobre el punto que elijas, una y otra vez.","S, V",Yes,3º círculo,"Concentración, hasta 10 minutos",Energía,,24 casillas,No,1 acción
Clarividencia," Un sensor invisible flota en un lugar lejano y te permite ver u oír lo que ocurre allí.","M, S, V",Yes,3º círculo,"Concentración, hasta 10 minutos","Destino, Realidad","un cuerno con joyas para oír o un ojo de cristal para ver, de 100 po de valor",1.056 casillas (1 milla),Yes,10 minutos
Jauría Espectral,Espíritus de la naturaleza toman forma de una manada espectral de animales que desgarra a quienes se acercan.,"S, V",Yes,3º círculo,"Concentración, hasta 10 minutos","Origen, Simbiosis",,12 casillas,No,1 acción
Andanada Espectral,Blandes tu arma y conjuras copias espectrales que salen disparadas hacia delante y se desvanecen tras golpear.,"M, S, V",No,3º círculo,Instantáneo,"Cinético, Cénit",El arma con la que lanzas el conjuro o su munición,Personal (cono de 12 casillas),No,1 acción
Cohorte Mecánica,Espíritus ordenados con forma de modrones aparecen a tu lado para golpear enemigos o proteger a tus aliados.,"S, V",Yes,3º círculo,"Concentración, hasta 1 minuto",Origen,,12 casillas,No,1 acción
Manto del Cruzado,Irradias un aura sagrada que bendice los golpes de tus aliados con luz abrasadora.,V,Yes,3º círculo,"Concentración, hasta 1 minuto",Destino,,Personal (emanación de 6 casillas),No,1 acción
Luz del Día,"Un sol en miniatura inunda la zona con luz radiante, ahuyentando la oscuridad menor a su alrededor.","S, V",No,3º círculo,1 hora,Espejismo,,12 casillas,No,1 acción
Disrupción Arcana,"Deshaces los hilos de la magia ajena, cortando efectos activos sobre una criatura, objeto o zona mágica.","S, V",No,3º círculo,Instantáneo,Cinético,,24 casillas,No,1 acción adicional
Miedo,Proyectas una oleada de terror puro que hace soltar las armas y huir despavoridos a quienes la sufren.,"M, S, V",Yes,3º círculo,"Concentración, hasta 1 minuto",Mente,una pluma blanca,Personal (cono de 6 casillas),No,1 acción
Burbujas Prodigiosas,"Generas burbujas mágicas que limpian, atrapan o hacen resbalar según la propiedad que les des.","M, S, V",Yes,3º círculo,"Concentración, hasta 1 minuto",Catálisis,una pastilla de jabón,12 casillas,No,1 acción
"Marea Corrosiva ","Una ola de ácido disuelve todo a su paso, a costa de salpicarte a ti también.","M, S, V",No,3º círculo,Instantáneo,Catálisis,un vial de vinagre,Cono de 8 casillas,No,1 acción
Alquimia Efímera,Transmutas materia inerte en provisiones y reactivos que se desvanecen pasado un día,"M, S, V",No,3º círculo,Instantáneo,Catálisis,"un cuenco de arcilla, 5 po",1 casilla,Yes,10 minutos
Escudo de Escarcha Refleja,Una capa de hielo te protege del golpe y congela a quien lo lanzó.,"S, V",No,3º círculo,Instantáneo,Catálisis,,"Personal ",No,1 reacción
Zancada de Cascada,"Tu cuerpo se vuelve torrente líquido: te desplazas 8 casillas rectas sin ataques de oportunidad, derribas enemigos y terminas Mojado.","S, V",No,3º círculo,Instantáneo,Catálisis,,Personal (línea de 8 casillas),No,1 acción adicional
Brasas Rastreras,"Una brasa viva se adhiere al objetivo y lo consume lentamente, quemándolo turno tras turno.","M, S, V",Yes,3º círculo,"Concentración, hasta 1 minuto","Energía, Ruina",una brasa o un trozo de carbón,12 casillas,No,1 acción
Tormenta del Capricho,"Rayos indiscriminados castigan a todos en el área, salvo a un afortunado elegido al azar por la tormenta","M, S, V",No,3º círculo,Instantáneo,"Destino, Energía",una varilla de ámbar frotada con seda,18 casillas (esfera de 4 casillas de radio),No,1 acción
Jaula de Resonancia,"Rayos indiscriminados castigan a todos en el área, salvo a un afortunado elegido al azar por la tormenta.","M, S, V",Yes,3º círculo,"Concentración, hasta 10 minutos",Energía,"un diapasón de plata, 25 po",12 casillas (esfera de 5 casillas de radio),Yes,1 minuto
Cortina de Ascuas,"Un muro de llamas divide el campo de batalla, quemando a quien lo cruce y ocultando lo que hay detrás.","M, S, V",Yes,3º círculo,"Concentración, hasta 1 minuto",Energía,un trozo de pedernal,12 casillas,No,1 acción
Hilos de Sutura,"Hilos mágicos cosen heridas o atan enemigos, con la precisión de un sastre y la firmeza del acero.","M, S, V",Yes,3º círculo,"Concentración, hasta 1 minuto",Restauración,un carrete de hilo de cualquier tipo,12 casillas,No,1 acción
Llamada del Guardián,Un grito provocador atrae la ira enemiga hacia ti mientras la magia cura tus heridas.,V,Yes,3º círculo,"Concentración, hasta 1 minuto",Restauración,,Personal (radio de 6 casillas),No,1 acción adicional
Restitución Total,"Un ritual cura completamente a un ser vivo, pero agota al lanzador y debilita temporalmente al objetivo.","M, S, V",No,3º círculo,Instantáneo,"Destino, Restauración","polvo de plata y aceites sagrados, 500 po, se consumen",Toque (1 casilla),Yes,1 hora
Chispa de Adrenalina,"Una descarga vital sana al instante, aunque el cuerpo paga después el precio de tanta energía.","S, V",No,3º círculo,Instantáneo,"Energía, Restauración",,Toque (1 casilla),No,1 acción
"Círculo de Purificación ","Un círculo de sal y luz limpia venenos, corrupción y enfermedades de todos los presentes.","M, S, V",No,3º círculo,Instantáneo,Restauración,"sal bendecida y agua, 25 po, se consumen",Personal (radio de 8 casillas),Yes,10 minutos
Lazo de Vida Compartida,"Uniendo vuestra vitalidad, asumes parte del daño de un aliado y evitas que caiga.","S, V",No,3º círculo,Instantáneo,Restauración,," 12 casillas",No,1 reacción
Claro Vacío,"El humo se arrastra, el espejo muestra tu campamento vacío, el mundo se pliega y quedas oculto tras un velo cálido.","M, S, V",No,3º círculo,24 horas,"Espejismo, Realidad","incienso de sándalo y un espejo de plata pulida, 50 po en total; el incienso se consume, el espejo no",Personal (esfera de 18 casillas de radio centrada en ti),Yes,10 minutos
Forma de Cristal,"El vidrio te transforma en cristal viviente, controlando todo vidrio cercano como fiel servidor.","M, S, V",Yes,3º círculo,"Concentración, hasta 10 minutos","Catálisis, Cénit",un fragmento de vidrio,Personal / toque (1 casilla),No,1 acción
Cosecha Prodigiosa,"Semillas germinan en tu mano; de cada dedo brota una fruta que responde a tus emociones: protección, rabia y prisa.","M, S, V",No,3º círculo,"Concentración, hasta 1 minuto","Restauración, Simbiosis",una semilla,6 casillas,No,1 acción
Cosecha Macabra,Tiras de los hilos de la vida: polvo gris marchita a tus enemigos y drena su energía hacia una criatura elegida.,"M, S, V",No,3º círculo,Instantáneo,"Ruina, Simbiosis",un puñado de tierra de tumba,12 casillas (esfera de 5 casillas de radio),No,1 acción
Sentencia del Verdugo,"Un nombre señalado, frío negro, rayo marcado: cada golpe abre el ojo oscuro.",V,No,3º círculo,Instantáneo,Ruina,,12 casillas,No,1 reacción
Bolsillos Dimensionales,"Un bolsillo dimensional se abre al tacto, permitiendo guardar cualquier cosa, incluso a ti mismo.","S, V",Yes,3º círculo,"Concentración, hasta 10 minutos",Realidad,,6 casillas,No,1 acción
Ojo Vigía,"Un globo ocular translúcido flota en el aire, invisible e invulnerable, y te entrega cada detalle de lo que ve.","M, S, V",Yes,4º círculo,"Concentración, hasta 1 hora","Destino, Espejismo",un mechón de pelo de murciélago,6 casillas,No,1 acción
Forma de Bestia,"Tu magia reescribe la carne de una criatura y la vuelve bestia, robándole voz, manos y conjuros.","M, S, V",Yes,4º círculo,"Concentración, hasta 1 hora",Simbiosis,un capullo de oruga,12 casillas,No,1 acción
Lanzas de Viento Cortante,"Cuatro lanzas de viento condensado giran a una velocidad vertiginosa antes de salir disparadas, cortando y empujando a sus objetivos.","S, V",No,4º círculo,Instantáneo,Cinético,,24 casillas,No,1 acción
Alarido Resonante,"Un chillido sónico concentrado revienta en la cabeza del objetivo, aturdiéndolo mientras los ecos siguen martilleando su mente.","S, V",Yes,4º círculo,"Concentración, hasta 1 minuto",Energía,,12 casillas,No,1 acción
Exilio al Limbo," Un pliegue de realidad se cierra sobre el objetivo y lo aparta a un limbo inofensivo, inerte e inalcanzable.","M, S, V",Yes,4º círculo,"Concentración, hasta 1 minuto",Realidad,un objeto que el objetivo aborrezca,12 casillas,No,1 acción
Convocar Aberración,"Desgarras la realidad y una aberración cruza la grieta, obedeciendo tus órdenes hasta que flaquee tu concentración","M, S, V",Yes,4º círculo,"Concentración, hasta 1 hora",Origen,"un tentáculo en salmuera y un globo ocular dentro de un vial con incrustaciones de platino, por valor de 400 po",18 casillas,No,1 acción
Nube de medusas,"Miles de medusas flotantes derivan en silencio como una nube venenosa, picando y aturdiendo a cuantos se crucen con ellas.","M, S, V",Yes,4º círculo,"Concentración, hasta 1 minuto","Origen, Simbiosis",un fragmento seco de medusa,12 casillas,No,1 acción
Muro de Hielo,"Una barrera helada nace del suelo con un crujido gélido, aprisionando a quien no logre esquivar su abrazo congelante.","M, S, V",Yes,4º círculo,"Concentración, hasta 1 hora","Catálisis, Cénit",un pequeño trozo de cuarzo,24 casillas,No,1 acción
Muro de Espinas,Zarcillos leñosos brotan del suelo entrelazándose en una maraña de púas tan duras como el hierro forjado.,"M, S, V",Yes,4º círculo,"Concentración, hasta 1 hora",Simbiosis,un puñado de espinas,24 casillas,No,1 acción
Comunión con la Flora,"Tu voz susurra en la savia mientras la planta responde, floreciendo o marchitándose al ritmo de tu voluntad.","M, S, V",No,4º círculo,"Instantáneo (envejecimiento) o 1 minuto, Concentración (encantamiento)","Mente, Simbiosis",un puñado de humus y una semilla,18 casillas,Yes,1 acción
Ancla Dimensional,"Tu mano se cierra en el aire, atrapando la esencia teletransportadora de tu presa y anclándola al lugar.","M, S, V",No,4º círculo," 1 hora",Realidad,una esquirla de obsidiana,18 casillas,No,1 reacción
Confusión,"Un zumbido invisible se enreda en las mentes cercanas, sembrando dudas, pánico y órdenes contradictorias.","M, S, V",Yes,4º círculo,"Concentración, hasta 1 minuto",Mente,Tres cáscaras de nuez,18 casillas,No,1 acción
Halo de Furia Elemental,"Espíritus elementales crepitan a tu alrededor, prestando su furia salvaje a cada golpe que asestas.","S, V",Yes,4º círculo,"Concentración, hasta 1 minuto","Energía, Origen",,Personal (Emanación de 3 casillas),No,1 acción
Guardianes Silvestres,"Espíritus de raíz y musgo emergen a tu alrededor, vigilantes, listos para castigar a quien profane su territorio.","S, V",Yes,4º círculo,"Concentración, hasta 1 minuto","Cinético, Simbiosis",,Personal (Emanación de 2 casillas),No,1 acción
Dominio de las Aguas,"Las aguas obedecen tu voluntad: se alzan, se abren, fluyen contra natura o se enroscan en un abismo rugiente.","M, S, V",Yes,4º círculo,"Concentración, hasta 10 minutos",Catálisis,una gota de agua y una pizca de polvo,"60 casillas ",No,1 acción
Sello Contra la Muerte,"Un sello luminoso arde sobre la piel del objetivo y engaña a la muerte una única vez, salvándolo del abismo.","S, V",No,4º círculo,8 horas,Restauración,,Toque,No,1 acción
Manufactura Instantánea,"La materia prima se ordena sola y, entre destellos, se convierte en puentes, cuerdas o ropajes.","S, V",No,4º círculo,Instantáneo,Cénit,,"24 casillas ",No,1 acción
Vitalidad Forzada,"Tu magia atiza las brasas del cuerpo, curando de golpe a costa de dejarlo exhausto.","S, V",No,4º círculo,Instantáneo,Restauración,,"12 casillas ",No,1 acción
Hilera de Filos Danzantes,"Una hilera de hojas de energía arcana gira y corta como una guadaña, sincronizada y letal.","S, V",Yes,4º círculo,"Concentración, hasta 1 minuto","Cinético, Energía",,24 casillas,No,1 acción
Balada de la Jarana,"Tu canción de taberna arrastra a todos a un jolgorio que termina en resaca, vergüenza o sueño profundo.","M, S, V",Yes,4º círculo,"Concentración, hasta 10 minutos",Mente,una jarra de bebida alcohólica,Personal (emanación de 12 casillas),No,1 minuto
Coraza Espectral,"Una armadura fantasmal y helada envuelve al objetivo, y quien lo golpea siente el frío de la tumba.","M, S, V",No,4º círculo,1 hora,"Restauración, Ruina",un fragmento de armadura oxidada,Toque,No,1 acción
Carroza de Medianoche,"Una hortaliza se transforma en una carroza de lujo con corceles cuasirreales, válida hasta que suene medianoche.","M, S, V",No,4º círculo,"Hasta la duodécima campanada de la próxima medianoche, o 24 horas (ver más abajo)","Espejismo, Simbiosis","una hortaliza grande, como una calabaza; se consume",6 casillas,Yes,1 minuto
Maldición de Senectud,Tu contacto marchita la carne ajena: los años caen sobre la víctima como una avalancha de polvo y huesos crujientes.,"M, S, V",No,4º círculo,24 horas,"Realidad, Ruina",una hoja seca,Toque,No,1 acción
Marca de Sacrificio,"Un símbolo arcano arde sobre la piel de un voluntario; cuando llegue el golpe, cambiarás tu sitio por el suyo.","M, S, V",No,4º círculo,1 hora,"Origen, Realidad",tinta arcana mezclada con una gota de tu sangre,Toque,No,1 acción
Criado de Medianoche,"Un roce y una chispa de magia: la humilde criatura se yergue sobre dos piernas, vestida con ropas finas.","M, S, V",No,4º círculo,Hasta la duodécima campanada de la próxima medianoche (24 horas si el tiempo no transcurre con normalidad),Simbiosis,una pizca de polvo de estrellas,Toque,No,1 acción
Vestido de Gala Encantado,"Seda, destellos y joyas brotan de la nada: quien lo viste brilla como una estrella y desconcierta a sus atacantes.","M, S, V",No,4º círculo,Hasta la duodécima campanada de la próxima medianoche (24 horas si el tiempo no transcurre con normalidad),"Cinético, Espejismo",un retal de seda fina,Toque,No,1 acción
Glamour Feérico,"La magia feérica te envuelve como un velo de luciérnagas y, al disiparse, ya no eres quien eras.","M, S, V",No,4º círculo,1 hora,"Espejismo, Simbiosis",una máscara de papel o un espejo de mano,Personal,Yes,1 minuto
Ráfaga de Papel Cortante,"Rasgas una hoja en docenas de fragmentos que surcan el aire, afilados como cuchillas, hacia tu enemigo.","M, S, V",No,4º círculo,Instantáneo,"Cinético, Cénit","una hoja de papel o pergamino, que se consume",12 casillas,No,1 acción
Retrospección,"El tiempo se pliega hacia atrás y contemplas lo ocurrido en este lugar, como un río que fluye al revés.","M, S, V",Yes,4º círculo,"Concentración, hasta 1 minuto","Destino, Realidad",un pequeño reloj de arena,Personal,Yes,1 minuto
Desgarro Cronoespacial,"El tiempo y el espacio se aceleran y frenan a tirones dentro del objetivo, desgarrándolo entre fluctuaciones imposibles.","M, S, V",No,4º círculo,Instantáneo,Realidad,un engranaje de reloj roto,12 casillas,No,1 acción
Nimbo Radiante,"Una luz fría envuelve tu cuerpo, abrasa con fulgor sagrado a quien golpeas y ciega a quienes osan herirte.","S, V",Yes,4º círculo,"Concentración, hasta 1 minuto","Destino, Espejismo",,Personal,No,1 acción
Libertad de Movimiento,"El objetivo se desliza libre de trabas: ni el barro, ni las cadenas, ni la magia frenan sus pasos.","M, S, V",No,4º círculo,1 hora,"Cinético, Restauración",una tira de cuero atada alrededor del brazo del objetivo o de un apéndice similar,Toque,No,1 acción adicional
Insecto Gifgante,"Un ciempiés, araña o avispa colosal surge del vacío y combate a tu lado, obedeciendo tus órdenes verbales.","S, V",Yes,4º círculo,"Concentración, hasta 10 minutos","Origen, Simbiosis",,12 casillas,No,1 acción
Terreno Alucinatorio,"Campos, caminos y estanques adoptan la apariencia, el sonido y el olor de un paisaje completamente distinto.","M, S, V",No,4º círculo,24 horas,Espejismo,"una piedra, una ramita y un trozo de planta verde",60 casillas,Yes,10 minutos
Can de Vigilia,"Un mastín invisible vigila el lugar, ladra ante intrusos sin contraseña y muerde con fuerza pura a tus enemigos.","M, S, V",No,4º círculo,8 horas,"Cinético, Origen","un silbato diminuto de plata, un trozo de hueso y un hilo",6 casillas,No,1 acción
Trueque Espacial,El espacio se pliega: dos criaturas intercambian su lugar y tú puedes regresar al punto de origen.,"S, V",No,4º círculo,"1 ronda ",Realidad,,12 casillas,No,1 acción
Abandono Simulado,"Un edificio parece polvoriento y desierto, con telarañas, huellas en el suelo y muebles ocultos a simple vista.","M, S, V",No,4º círculo,24 horas,Espejismo,una pizca de polvo y una telaraña,12 casillas,Yes,1 minuto
Cerco Inviolable,"Sellas un área entera contra el sonido, la visión, la adivinación y los viajes planares.","M, S, V",No,4º círculo,1 día,"Realidad, Restauración","agua bendita, incienso raro y un rubí en polvo valorado en 1.000 po, que el conjuro consume",Toque,Yes,10 minutos
Esfera Inquebrantable,Encierras a una criatura u objeto en una esfera de fuerza impenetrable e indestructible.,"M, S, V",Yes,4º círculo,"Concentración, hasta 1 minuto",Cinético,un pequeño cristal esférico,6 casillas,No,1 acción
Verdugo Onírico,"Invocas las peores pesadillas de un enemigo, hiriendo su mente con terror puro.","S, V",Yes,4º círculo,"Concentración, hasta 1 minuto","Espejismo, Mente",,12 casillas,No,1 acción
Manto de Penumbra Viva,"Sombras vivas te envuelven, ocultándote y devorando a quien ose golpearte.","S, V",Yes,4º círculo,"Concentración, hasta 1 minuto","Espejismo, Ruina",,Personal,No,1 acción adicional
Runa de Discernimiento,Grabas una runa en una pieza de armadura o arma que agudiza la mente de su portador.,"M, S, V",No,4º círculo,Especial,"Cénit, Mente","hilo de plata valorado en 25 po, que el conjuro consume",Toque,Yes,1 acción
Runa Incendiaria,Escribes una runa de fuego vivo en un arma que despierta llamas al invocarla.,"M, S, V",No,4º círculo,Especial,"Cénit, Energía","una brasa aún caliente, que el conjuro consume",Toque,No,1 acción
Constelación Sanadora,"Dieciséis motas de luz curativa se reparten entre tus aliados, sanando sus heridas.","S, V",No,4º círculo,Instantáneo,Restauración,,12 casillas,No,1 acción
Zarpa de Resina Adherente,Tus manos manan una savia pegajosa y maleable que se adhiere a todo lo que toca.,"M, S, V",Yes,4º círculo,"Concentración, hasta 10 minutos","Catálisis, Cinético","una gota de savia o resina, se consume",Toque o 6 casillas,No,1 acción
Sello de Cera Inquebrantable,Moldeas una cera espesa que se endurece al instante hasta volverse tan dura como el acero forjado.,"M, S, V",Yes,4º círculo,"Concentración, hasta 1 hora","Catálisis, Cénit","una vela de cera fina, se consume",6 casillas,No,1 acción
Balanza del Azar,"Lanzas al aire una moneda invisible que decide, sin apelación posible, el destino de dos almas.","M, S, V",No,4º círculo,1 minuto,Destino,una moneda con dos caras distintas,6 casillas,No,1 acción
Legión de Almas en Pena,Invocas espíritus lastimeros que se alimentan del miedo y la desesperanza ajena.,"M, S, V",Yes,4º círculo,"Concentración, hasta 1 minuto","Espejismo, Ruina","un fragmento de hueso o mortaja antigua, se consume",8 casillas,No,1 acción
Invocar Celestial,"Pronuncias un nombre sagrado y una presencia luminosa responde a tu llamada, dispuesta a luchar a tu lado.","S, V",Yes,5º círculo,"Concentración, hasta 1 hora",Origen,,18 casillas,No,1 acción
Invocar Esencia Dracónica,"Aferras el fragmento y sientes cómo un eco de la bestia ancestral se agita, rugiendo desde el otro lado del mundo.","M, S, V",Yes,5º círculo,"Concentración, hasta 1 hora",Origen,"una escama, diente o garra de un Dragón Ancestral",6 casillas,No,1 acción
Coraza de Vida,"Un halo invisible y vibrante te envuelve, rechazando a todo cuanto respira, late o crece.","S, V",Yes,5º círculo,"Concentración, hasta 1 hora","Cinético, Restauración",,Personal (emanación de 2 casillas),No,1 acción
Despertar la Conciencia,"Trazas caminos de luz dentro de la gema y, al tocar al objetivo, algo dormido en su interior abre los ojos.","M, S, V",No,5º círculo,Instantánea,"Destino, Simbiosis","una gema preciosa de 1.000 po, que el conjuro consume",Toque,No,8 horas
Mano Arcana Colosal,"Una mano gigantesca de fuerza pura se materializa en el aire, obedeciendo cada uno de tus gestos.","M, S, V",Yes,5º círculo,"Concentración, hasta 1 minuto",Cinético,una cáscara de huevo y un guante de piel de serpiente,24 casillas,No,1 acción
Aura de Resguardo Arcano,Un aura de luz serena te rodea y la magia hostil se deshilacha al rozar tu escudo invisible.,V,Yes,5º círculo,"Concentración, hasta 10 minutos","Cinético, Restauración",,Personal (emanación de 6 casillas),No,1 acción
Lluvia Ácida,"Las nubes se ennegrecen y una llovizna verdosa cae siseando, devorando el suelo, el metal y la carne.","M, S, V",Yes,5º círculo,"Concentración, hasta 1 minuto",Catálisis,un frasco de vinagre y un puñado de sal,24 casillas,No,1 acción
Tormenta de Éter,"El aire se rasga con un chasquido y un torbellino de éter puro ruge, arrancando a golpes la energía de todo lo que toca.","S, V",Yes,5º círculo,"Concentración, hasta 1 minuto",Cinético,,24 casillas,No,1 acción
Nube Mortal,"Una niebla amarillo verdosa, densa y venenosa, avanza lentamente y asfixia a cuantos se atreven a respirarla.","S, V",Yes,5º círculo,"Concentración, hasta 10 minutos","Catálisis, Simbiosis",,24 casillas,No,1 acción
Comunión,Contactas con una deidad o su emisario y obtienes respuestas veraces de sí o no a tres preguntas.,"M, S, V",No,5º círculo,1 minuto,"Destino, Origen","incienso por valor de 25 po o más, que el conjuro consume",Personal,Yes,1 minuto
Comunión con la Naturaleza,Conversas con los espíritus de la naturaleza y conoces tres secretos del territorio que te rodea.,"S, V",No,5º círculo,Instantáneo,"Destino, Simbiosis",,Personal,No,1 minuto
"Invocar Espíritu de Cieno ","Convocas la esencia de un cieno sin mente, una masa amorfa y viscosa que combate a tu lado.","M, S, V",Yes,5º círculo,"Concentración, hasta 1 hora","Origen, Simbiosis",un frasco con una pizca de baba o gelatina,18 casillas,No,1 acción
Andanada de Armas Espectrales,Blandes tu arma y cientos de copias espectrales llueven del cielo antes de desvanecerse sobre tus enemigos.,"M, S, V",No,5º círculo,Instantáneo,"Cinético, Cénit",el arma o la munición con la que lanzas el conjuro,30 casillas,No,1 acción
Contagio Nefasto,"Tu toque inocula un mal sobrenatural que pudre la carne, debilita un aspecto del cuerpo y resiste a la curación.","S, V",No,5º círculo,7 días,"Ruina, Simbiosis",,Toque,No,1 acción
Caída del Yunque,Conjuras un enorme yunque a gran altura que se desploma con estrépito y aplasta cuanto haya debajo.,"M, S, V",No,5º círculo,1 ronda,"Cinético, Cénit",un yunque en miniatura de hierro,24 casillas,No,1 acción
Maldición de Impotencia,"Maldices a una criatura y una abrumadora sensación de impotencia la invade, volviendo inofensivos sus golpes y conjuros.","S, V",Yes,5º círculo,"Concentración, hasta 1 minuto","Mente, Ruina",,12 casillas,No,1 acción
Dominio de los Vientos,"El aire obedece a tu voluntad: se enrosca, empuja y se eleva como una bestia domada que solo responde a tu mano.","S, V",Yes,5º círculo,"Concentración, hasta 1 hora",Cinético,,60 casillas,No,1 acción
Forja de Sombras,"Hilachas de oscuridad se trenzan en el aire y, con un siseo frío, se solidifican en algo tangible.","M, S, V",No,5º círculo,Instantánea,"Cénit, Espejismo",una pizca de ceniza y una gota de tu sangre,12 casillas,No,1 acción
Emisario Onírico,"Cierras los ojos y tu conciencia se desliza por un río de sueños, buscando la orilla de otra mente dormida.","M, S, V",No,5º círculo,8 horas,"Destino, Mente","un puñado de arena, una gota de tinta y una pluma de ave arrancada mientras dormía",Ilimitado,No,1 minuto
Grieta Sepulcral,"El suelo gime, se abre como una boca hambrienta y, con un chasquido seco, vuelve a cerrarse sobre lo que se haya tragado.","M, S, V",No,5º círculo,Instantánea,"Cinético, Cénit",un puñado de tierra y una piedra partida en dos,Personal (línea de 12 casillas de largo y 1 de ancho),No,1 acción
Sentencia de Óbito,"Pronuncias su fin con voz plana, y el mundo entero parece asentir. Algo frío y hueco empieza a vaciarle por dentro.","M, S, V",Yes,5º círculo,"Concentración, hasta 1 minuto",Ruina,un hueso de una criatura muerta de forma violenta,12 casillas,No,1 acción
Munición Hechizada,"Las puntas de las flechas se empapan de un brillo inestable, como si cada una guardara el aliento de un conjuro esperando a ser liberado.","M, S, V",No,5º círculo,1 hora,Cinético,hasta cinco piezas de munición no mágica,Toque,No,1 acción
Proyección Exstasis,"El aire se pliega ante ti y de la nada emerges tú mismo, con el mismo gesto y la misma mirada, en un lugar que quizá jamás hayas pisado.","M, S, V",Yes,5º círculo,"Concentración, hasta 1 hora","Espejismo, Realidad",un espejo pequeño de plata pulida,Ilimitado,No,1 acción
Columna Divina,Un pilar de fuego sagrado desciende rugiendo del cielo y abrasa todo cuanto toca su luz.,"M, S, V",No,5º círculo,Instantánea,"Destino, Energía",una pizca de azufre,12 casillas,No,1 acción
Filo del Viento Fugaz,"Agitas tu arma y te desvaneces como el viento, golpeando a tus enemigos antes de reaparecer a su lado.","M, S",No,5º círculo,Instantánea,"Cinético, Realidad",un arma cuerpo a cuerpo con la que seas competente,6 casillas,No,1 acción adicional
Desgarro del Alma,"Un aullido silencioso desgarra el espíritu de quienes lo oyen, dejándolos vacíos, confusos y ajenos a sí mismos.","S, V",No,5º círculo,1 minuto,"Mente, Ruina",,24 casillas,No,1 acción
Hoja Decapitadora,Una hoja de energía negativa se forma en tu mano y trazas un tajo certero hacia el cuello enemigo.,"S, V",No,5º círculo,Instantánea,"Cinético, Ruina",,Toque,No,1 acción
Barrera de Fuerza,"Una barrera translúcida y reluciente de fuerza pura surge ante ti, impenetrable para casi cualquier cosa que intente cruzarla.","M, S, V",Yes,5º círculo,"Concentración, hasta 10 minutos",Cinético,una lámina de vidrio transparente,24 casillas,No,1 acción
Mandato Vinculante,"Tu voz impone una orden ineludible que se graba en la mente del objetivo, obligándolo a obedecer o sufrir.",V,No,5º círculo,30 días,Mente,,12 casillas,No,1 minuto
Tajo Hidráulico,"Un chorro de agua a presión brutal barre el campo de batalla, cortando y derribando todo lo que encuentra.","M, S, V",No,5º círculo,Instantánea,Catálisis,un vial de agua,Personal (línea de 12 casillas),No,1 acción
Polo Magnético,"Un objeto de piedra o metal se convierte en un imán colosal que arrastra armas, armaduras y guerreros hacia sí.","M, S, V",Yes,5º círculo,"Concentración, hasta 1 minuto",Cénit,una limadura de hierro,12 casillas,No,1 acción
Paso Especular,"Cruzas cualquier superficie reflectante hacia un plano de cristal y plata, y emerges por otro espejo lejano.","M, S, V",Yes,5º círculo,"Concentración, hasta 1 hora","Espejismo, Realidad",un pequeño espejo de plata,Personal,No,1 acción
Instante Robado,"Saltas al futuro inmediato y desapareces del tiempo, moviéndote libre mientras el mundo permanece congelado alrededor de ti.","S, V",No,5º círculo,Hasta el inicio de tu siguiente turno,Realidad,,Personal,No,1 acción
Tránsito al Mañana,"Un desgarro en el espacio-tiempo os engulle a ti y a tus compañeros, lanzándoos veinticuatro horas hacia el futuro.","S, V",No,5º círculo,"Especial: 24 horas para el mundo, un instante para los viajeros",Realidad,,Personal (radio de 2 casillas),No,1 acción
Combustión Voraz,"Llamas mágicas envuelven a una criatura, abrasándola turno tras turno hasta reducirla a cenizas; el agua no las apaga.",V,Yes,5º círculo,"Concentración, hasta 1 minuto",Energía,,18 casillas,No,1 acción
Plaga Voraz,Un enjambre voraz de langostas cubre el terreno y desgarra a quien se atreva a cruzarlo.,"M, S, V",Yes,5º círculo,"Concentración, hasta 10 minutos","Origen, Simbiosis","una pizca de azúcar, un grano de cereal y una mancha de grasa",60 casillas,No,1 acción adicional
Saber de Leyenda,"Nombras a una persona, lugar u objeto célebre y su leyenda, secretos incluidos, acude a tu mente.","M, S, V",No,5º círculo,Instantáneo,Destino,"incienso por valor de 250 po, que se consume, y cuatro tiras de marfil con un valor de 50 po cada una",Personal,Yes,10 minutos
Salto al Mañana,"Un desgarro en el tiempo te engulle a ti y a tus compañeros, y os arroja un día entero hacia delante en un solo latido.","S, V",No,5º círculo,Instantánea,Realidad,,Personal (esfera de 2 casillas),No,1 acción
Muro de Marchitez Verde,"Una cortina de energía retorcida, invisible salvo por su tenue resplandor verde, devora la vitalidad de todo lo que la roza.","M, S, V",Yes,5º círculo,"Concentración, hasta 1 minuto","Energía, Ruina",un trozo de hoja marchita,12 casillas,No,1 acción
Senda Subterránea,Un brillo amarillo te envuelve mientras la tierra y la roca se abren a tu paso como si fueran agua.,"M, S, V",No,5º círculo,10 minutos,Cénit,un puñado de tierra,Personal,No,1 acción
Castigo de Tormenta Ígnea,"Un rayo envuelto en llamas cae del cielo justo cuando tu arma alcanza al enemigo, y lo abraza en fuego y trueno.",V,Yes,5º círculo,"Concentración, hasta 1 minuto",Energía,,Personal,No,1 acción adicional
Renacer Constante,Tu contacto derrama una magia cálida y vigorizante que cierra heridas y levanta un escudo de vida en cada latido.,"S, V",Yes,5º círculo,"Concentración, hasta 1 minuto",Restauración,,Toque,No,1 acción
Modificar Memoria,"Susurras a una mente indefensa y reescribes su pasado con la precisión de un escriba, tejiendo recuerdos que jamás ocurrieron.","S, V",No,5º círculo,"Concentración, hasta 1 minuto",Mente,,6 casillas,No,1 acción
Aliento de Retorno,"Con un contacto y una plegaria, arrancas a un alma del silencio y la devuelves a su cuerpo, frágil y desorientada.","M, S, V",No,5º círculo,Instantánea,Restauración,"un diamante de 500 po, que se consume",Toque,No,1 hora
Esfera Atronadora,Una perla de fuerza atronadora surca el aire y estalla en una onda sonora que derriba y ensordece a todos.,"S, V",No,5º círculo,Instantánea,Energía,,24 casillas,No,1 acción
Lluvia de Rayos,"Cinco rayos descienden del cielo y golpean los puntos que elijas, electrificando a quienes queden cerca.","S, V",No,5º círculo,Instantánea,Energía,,24 casillas,No,1 acción
Escena Capturada,Grabas en tu mente lo que ves a tu alrededor y lo proyectas después como una ilusión perfecta.,"M, S, V",No,5º círculo,"Concentración, hasta 1 hora",Espejismo,"un lienzo o pergamino en blanco, que se consume al lanzar el conjuro",Personal (captura) / 12 casillas (proyección),No,1 acción
Mascarada Colectiva,"Un velo de ilusión viste a tus aliados con rostros, ropas y estaturas distintas para engañar cualquier mirada.","S, V",No,5º círculo,8 horas,Espejismo,,6 casillas,No,1 acción
Abismo Ilusorio,"Fabricas la ilusión de un suelo que se hunde bajo los pies, con la horrible sensación de una caída mortal.","S, V",No,5º círculo,Instantánea,"Espejismo, Mente",,18 casillas,No,1 acción
Hambre de Dolor,Abres los nervios de un aliado para que se alimente del dolor ajeno y golpee con furia necrótica,"S, V",Yes,5º círculo,"Concentración, hasta 1 minuto","Mente, Ruina",,Toque,No,1 acción
Palma Repulsora,"Tus palmas se cubren de almohadillas que repelen lo que tocan, desde golpes hasta el dolor y la fatiga.","S, V",Yes,5º círculo,"Concentración, hasta 1 minuto",Restauración,,Toque,No,1 acción
Eslabones Invocados,"De tu cuerpo brotan cadenas vivas que obedecen tu voluntad para atar, arrastrar y golpear a tus enemigos.","S, V",Yes,5º círculo,"Concentración, hasta 1 minuto","Cénit, Origen",,12 casillas,No,1 acción
Hoja Astral,"Invocas una hoja de energía astral que ataca dos veces por turno, crítica con 18-20 y destierra a sus víctimas.","S, V",Yes,6º círculo,"Concentración, hasta 1 minuto ","Cinético, Realidad",,12 casillas,No,1 acción
Proyección Astral,"Separas tu alma del cuerpo y la proyectas al Plano Astral, atada por un cordón de plata.","M, S, V",No,6º círculo,,"Destino, Realidad","una barra de plata de 100 po, se consume",Personal,Yes,1 hora
Portales Gemelos,Abres dos portales enlazados en el suelo: lo que entra por uno sale por el otro al instante.,"S, V",Yes,6º círculo,"Concentración, hasta 1 minuto",Realidad,,"100 casillas (el segundo portal, a 2 casillas de ti)",No,1 acción
Barrera de Cuchillas,Alzas un muro de cuchillas mágicas giratorias que ofrece cobertura y desgarra a quien lo toque o atraviese.,"S, V",Yes,6º círculo,"Concentración, hasta 1 minuto","Cinético, Cénit",,18 casillas,No,1 acción
Espíritu Gigante,"Invocas el espíritu de un gigante que combate a tu lado, con poderes distintos según su tipo elegido.","M, S, V",Yes,6º círculo,"Concentración, hasta 1 hora",Origen,un fragmento de piedra tallada,18 casillas,No,1 acción
Velo del Olvido,Nublas la memoria reciente de una criatura: olvida cuanto ocurre en cada turno y puede quedar incapacitada.,"S, V",Yes,6º círculo,"Concentración, hasta 1 minuto",Mente,,12 casillas,No,1 acción
Haz Elemental,"Desatas un haz de frío, fuego, fuerza o rayo que barre en línea y castiga a quien esté dentro.","S, V",Yes,6º círculo,"Concentración, hasta 1 minuto","Catálisis, Cinético, Energía",,Personal (línea de 12 casillas de largo y 2 de ancho),No,1 acción
Alumbrar Homúnculo,"Moldeas arcilla con tu sangre y un zafiro, dando vida a un diminuto sirviente leal unido a ti por un vínculo vital.","M, S, V",No,6º círculo,Hasta que el homúnculo muera o se vuelva a lanzar el conjuro,"Cénit, Origen","un zafiro de 1.000 po que se consume, arcilla y una gota de tu sangre",Toque,No,1 minuto
Encarnación Elemental,"Canalizas las energías caóticas de los planos elementales y te revistes de Aire, Tierra, Fuego o Hielo.","M, S, V",Yes,6º círculo,"Concentración, hasta 1 minuto","Catálisis, Cinético, Cénit, Energía","un puñado de ceniza, tierra, hielo y una pluma",Personal,No,1 acción
Cabaña Zancuda,"Tocas un edificio pequeño y le brotan patas colosales, convirtiéndolo en una criatura gargantuesca que obedece tus órdenes de movimiento.","M, S, V",No,6º círculo,24 horas,Cinético,un pequeño modelo de patas de madera tallado a mano,Toque,No,1 acción
Furia del Veterano,Te dotas de una resistencia y una maestría marcial sobrenaturales a costa de renunciar a toda magia mientras dura el conjuro.,"M, S, V",No,6º círculo,,Simbiosis,un trozo de hierro templado,Personal,No,1 acción
Hueste de Pilares,"Haces brotar hasta seis pilares de piedra del suelo, que pueden elevar a los enemigos o aplastarlos contra el techo.","S, V",No,6º círculo,Instantáneo,Cénit,,24 casillas,No,1 acción
Cadena de Relámpagos,Lanzas un rayo contra un objetivo y tres arcos eléctricos saltan desde él hacia otros enemigos cercanos.,"M, S, V",No,6º círculo,Instantáneo,Energía,"un trozo de piel, ámbar y una varilla de cristal",30 casillas,No,1 acción
Ola de Marchitamiento,"Una onda de energía negativa se expande en una esfera, marchitando la carne de quienes atrapa y cerrando sus heridas a la curación.","S, V",No,6º círculo,Instantáneo,Ruina,,24 casillas,No,1 acción
Espíritu del Crepúsculo Feérico,Invocas a un espíritu feérico que aterroriza con ataques psíquicos y puede teletransportarse para golpear de nuevo cada turno.,"M, S, V",Yes,6º círculo,"Concentración, hasta 1 minuto","Mente, Origen",una flor marchita de un claro de un bosque encantado,12 casillas,No,1 acción
Contingencia,"Dejas una orden sellada en tu propia sombra: cuando llegue el momento, el conjuro dormido despierta antes de que pienses en él.","M, S, V",No,6º círculo,10 días,"Cinético, Realidad","una estatuilla tuya tallada en marfil, valorada en 1.500 po, que debes llevar encima",Personal,Yes,10 minutos
Rayo Desintegrador,"Un haz verde chilla al cortar el aire, huele a ozono y a piedra quemada, y deja tras de sí solo una ceniza gris que el viento se lleva.","M, S, V",No,6º círculo,Instantáneo,Ruina,un imán y una pizca de polvo,12 casillas,No,1 acción
Llamada del Zafiro,"Una marca invisible quema en el objeto y su nombre se graba en la gema, como un hilo tenso que ninguna distancia puede romper.","M, S, V",No,6º círculo,Hasta que se disipe,Realidad,"un zafiro valorado en 1.000 po, que se consume al activar el conjuro; cada lanzamiento requiere un zafiro distinto",Toque,No,1 acción
Mirada de Vacío,"Tus ojos se vuelven pozos de tinta sin fondo, y quien los sostiene siente cómo algo antiguo le recorre la nuca.","S, V",Yes,6º círculo,"Concentración, hasta 1 minuto",Mente,,Personal (criatura objetivo a 12 casillas),No,1 acción
Hallar el Camino,Una brújula sin aguja late en tu pecho y el mundo entero se pliega hacia un único punto: el que nombraste.,"M, S, V",Yes,6º círculo,"Concentración, hasta 24 horas",Destino,"un juego de herramientas de adivinación —huesos, varillas o fichas— valorado en 100 po",Personal,No,1 minuto
Aplastamiento Psíquico,Un martillo invisible cae sobre un solo pensamiento: oyes un chasquido sin sonido y el mundo se queda en blanco.,"S, V",No,6º círculo,Instantáneo,Mente,,12 casillas,No,1 acción
Carne a Piedra,"Un frío pétreo trepa por las piernas, la piel se vuelve grano y el corazón late cada vez más despacio contra una caja de roca.","M, S, V",Yes,6º círculo,"Concentración, hasta 1 minuto","Cénit, Simbiosis","una pizca de cal, agua y tierra",12 casillas,No,1 acción
Barrera de Anulación,Una cúpula de cristal tembloroso se cierra a tu alrededor y los hechizos se estrellan en ella sin siquiera hacer eco.,"M, S, V",Yes,6º círculo,"Concentración, hasta 1 minuto","Cinético, Restauración",una cuenta de cristal que se funde al lanzar el conjuro,Personal (emanación de 2 casillas),No,1 acción
Custodia del Laberinto,"Pasillos que se pliegan, puertas que callan, escaleras tejidas de telarañas: tu fortaleza se defiende sola, incluso cuando duermes.","M, S, V",No,6º círculo,"24 horas ","Cénit, Espejismo, Simbiosis","incienso ardiendo, una pizca de azufre y aceite, un cordón anudado, una gota de sangre de trol y una varilla de plata de al menos 10 po; la sangre y el azufre se consumen",Toque,Yes,10 minutos
Virulencia Consuntiva,"Una plaga arcana se arraiga en la carne del objetivo, marchitando su cuerpo y robándole parte de su vitalidad máxima.","S, V",No,6º círculo,Instantáneo,Ruina,,"12 casillas ",No,1 acción
Plenitud Vital,"Una oleada de energía positiva recorre al objetivo, cerrando heridas, disipando venenos y devolviendo luz a sus ojos.","S, V",No,6º círculo,Instantáneo,Restauración,,"12 casillas ",No,1 acción
Banquete Heroico,Una mesa de manjares imposibles aparece ante tus aliados; quien comparte el festín se levanta fuerte y sin miedo.,"M, S, V",No,6º círculo,Instantáneo,"Restauración, Simbiosis","un cuenco incrustado de gemas por valor de al menos 1.000 po, que se consume","Personal (cubo de 2 casillas de lado, adyacente a ti)",Yes,10 minutos
Moldear la Tierra,"Sin estruendo ni prisa, el suelo se alza, se hunde y se pliega a tu voluntad como arcilla.","M, S, V",Yes,6º círculo,"Concentración, hasta 2 horas","Cinético, Cénit","una hoja de hierro y una pequeña bolsa con una mezcla de arcilla, tierra y arena","24 casillas ",No,1 acción
Esfera Glacial,Un globo de escarcha cruza el cielo y estalla en una tormenta de frío que lo congela todo.,"M, S, V",No,6º círculo,Instantáneo,Catálisis,una pequeña esfera de cristal,60 casillas,No,1 acción
Baile Compulsivo,"Una melodía invisible se apodera de los pies del objetivo, obligándole a bailar sin descanso, indefenso y ridículo.",V,Yes,6º círculo,"Concentración, hasta 1 minuto",Mente,,"6 casillas ",No,1 acción
Espectáculo Latente,"Una ilusión duerme oculta en un rincón, hasta que un gesto o un sonido la despierta para representar tu función.","M, S, V",No,6º círculo,Hasta ser disipado,Espejismo,"una pizca de lana y polvo de jade por valor de al menos 25 po, que se consume","24 casillas ",No,1 acción
Cuerpo de Tijeras,Conviertes tus extremidades en enormes hojas de tijera capaces de cortar y plegar materia como si fuera papel.,"M, S, V",Yes,6º círculo,"Concentración, hasta 1 minuto","Cinético, Cénit",un par de tijeras de sastre,Personal,No,1 acción
Fusión Viviente,"Te fusionas con un ser vivo u objeto, ganando tamaño, fuerza y las propiedades de aquello que absorbes.","S, V",Yes,6º círculo,"Concentración, hasta 10 minutos","Cénit, Simbiosis",,Toque,No,1 acción
Festín de Confitería,"Creas dulces a voluntad, duros como el acero para construir y atacar o blandos y pegajosos para atrapar.","M, S, V",Yes,6º círculo,"Concentración, hasta 1 minuto","Catálisis, Cénit","un terrón de azúcar, que se consume",12 casillas,No,1 acción
Fortaleza Viviente,Tu cuerpo se convierte en un castillo viviente que cobija a tus aliados y levanta almenas y armas.,"M, S, V",Yes,6º círculo,"Concentración, hasta 1 minuto","Cénit, Realidad",una piedra de una fortaleza o castillo,Personal,No,1 acción
Bodega Embriagante,"Creas y manipulas distintos tipos de alcohol: aturdidores, incendiarios o reconfortantes, según lo que el momento exija.","M, S, V",Yes,6º círculo,"Concentración, hasta 1 minuto","Catálisis, Simbiosis","una gota de licor, que se consume",12 casillas,No,1 acción
Forma Gaseosa Soberana,"Te disuelves en gas y puedes crear, controlar y transformarte en venenos, humos o vapores a voluntad.","S, V",Yes,6º círculo,"Concentración, hasta 1 minuto","Catálisis, Cinético",,Personal,No,1 acción
Cárcel de Vapor Hirviente,"Una burbuja de agua hirviente apresa a tu víctima, la escalda sin piedad y la eleva por los aires.","M, S, V",Yes,6º círculo,"Concentración, hasta 1 minuto","Catálisis, Energía",una gota de agua hirviendo,12 casillas,No,1 acción
Zancada del Ciclón Ígneo,"Llamas brotan de tu espalda y un ciclón ardiente te impulsa a embestir, saltar y correr sobre cualquier superficie.","S, V",Yes,6º círculo,"Concentración, hasta 1 minuto","Cinético, Energía",,Personal,No,1 acción
Mortaja del Fingido,"Tu cadáver ilusorio hipnotiza a quien lo contempla mientras tú, invisible, te desvaneces entre las sombras.",S,Yes,6º círculo,"Concentración, hasta 1 minuto","Espejismo, Mente",,12 casillas,No,1 acción
Panoplia de Reflejos,"Un arma o escudo se envuelve en ilusiones cambiantes que duplican su forma, tan reales que golpean y bloquean.","M, S, V",Yes,6º círculo,"Concentración, hasta 1 minuto",Espejismo,,Toque,No,1 acción
Bandada de Cuervos Espectrales,"Enjambres de cuervos espectrales surgen de planos oscuros, picotean mentes, arrebatan pertenencias y arrastran enemigos por el aire","S, V",No,6º círculo,Instantáneo,"Mente, Origen",,Personal,No,1 acción
Sendero de Raíces,"Un vínculo mágico enlaza dos plantas lejanas, y quien entra por una sale por la otra al instante.","S, V",No,6º círculo,1 ronda,"Realidad, Simbiosis",,2 casillas,No,1 acción
Ojo de la Verdad,"Un ungüento en tus párpados despoja al mundo de velos, sombras e ilusiones, revelándolo tal como es.","M, S, V",No,6º círculo,1 hora,Destino,"un ungüento de polvo de hongo raro que vale 25 po, consumido por el conjuro",Toque,No,1 acción
Manto de Absorción Arcana,"Un velo reluciente envuelve tu cuerpo y bebe la magia hostil, devolviéndote el maná que otros pretendían arrebatarte.","S, V",Yes,6º círculo,"Concentración, hasta 1 minuto",Restauración,,Personal,No,1 acción
Égida Aliada,"Un escudo de fuerza etérea se alza entre tu aliado y la muerte, justo cuando el golpe parecía inevitable.","S, V",No,6º círculo,1 ronda,Restauración,,6 casillas,No,1 reacción
Asamblea Espiritual,"Los espíritus de quienes conoces, vengan de donde vengan, acuden a las gemas y conversan contigo como si estuvieran presentes.","M, S, V",No,6º círculo,1 hora,Ruina,una gema de al menos 100 po por cada criatura invitada,Ilimitado (la invitación cruza cualquier distancia e incluso otros planos); las proyecciones aparecen a 1 casilla de su gema,Yes,10 minutos
Pozo Negro,"Una esfera de energía oscura devora la luz y la vida, arrastrando a todos hacia su vientre insaciable.","M, S, V",Yes,6º círculo,"Concentración, hasta 1 minuto",Ruina,una esquirla de obsidiana,18 casillas,No,1 acción
Sombras Invasoras,"Sombras amenazantes reptan sobre la región, devorando cualquier luz que intente abrirse paso entre ellas.","M, S, V",No,6º círculo,12 horas,Espejismo,un trozo de carbón,24 casillas,Yes,1 minuto
Mal Fario,"Un manto de infortunio se posa sobre el lugar, y hasta el azar se vuelve en contra de todos.","M, S, V",Yes,6º círculo,"Concentración, hasta 1 minuto",Destino,un espejo roto,12 casillas,No,1 acción
Visión del Pasado,"Cierras los ojos y el tiempo retrocede, mostrándote lo ocurrido en este lugar como un sueño lúcido y vívido","M, S, V",No,6º círculo,Hasta 8 horas,Destino,un cuenco de agua clara,Personal,No,1 minuto
Grieta Espiritual,"Una brecha hacia el plano de los espíritus se abre, y sus manos fantasmales reclaman a los vivos.","M, S, V",Yes,6º círculo,"Concentración, hasta 1 minuto",Origen,un hueso pequeño bañado en ceniza,18 casillas,No,1 acción
Simulacro de Escarcha,"Modelas un doble de nieve de un Humanoide y, con rubíes por ojos, el muñeco despierta, leal únicamente a ti.","M, S, V",No,7º círculo,Hasta ser disipado,"Catálisis, Destino","nieve en abundancia, dos rubíes con un valor total de 1.500 po que se consumen y un dedo seccionado del objetivo",6 casillas,No,12 horas
Jaula de Fuerza,"Una prisión inmóvil y centelleante de fuerza pura se cierra sobre el área elegida, sellando el mundo y también el Éter.","M, S, V",No,7º círculo,1 hora,"Cinético, Realidad","polvo de rubí por valor de 1.500 po, que se consume",20 casillas,No,1 acción
Perla de Fuego Latente,"Un haz amarillo se condensa en una cuenta incandescente que crece, impaciente, hasta estallar en una esfera de fuego devastadora.","M, S, V",Yes,7º círculo,"Concentración, hasta 1 minuto",Energía,una pizca de guano de murciélago y azufre,30 casillas,No,1 acción
Umbral Etéreo,"Cruzas la frontera del Plano Etéreo, donde el mundo que dejas se vuelve gris, mudo y lejano, y nadie te alcanza.","S, V",No,7º círculo,8 horas,Realidad,,Personal,No,1 acción
Avalancha,"Un alud de hielo, roca y nieve se desploma desde lo alto con un rugido sordo, enterrándolo todo bajo su peso helado.","M, S, V",No,7º círculo,Instantáneo,"Catálisis, Cénit",un puñado de nieve y una piedra,30 casillas,No,1 acción
Intercambio de Esencias,"Dos esencias se desprenden de sus cuerpos como humo y se cruzan en el aire, despertando cada una en una carne ajena.","M, S, V",No,7º círculo,24 horas,"Destino, Mente","dos gemas idénticas por valor de 100 po cada una, que se consumen",6 casillas,No,1 acción
Disco Segador,"Forjas un disco de metal, grande y silbante, que gira con un zumbido hambriento y obedece cada uno de tus gestos.","M, S, V",Yes,7º círculo,"Concentración, hasta 1 minuto",Cénit,una sierra circular o un disco de acero pulido,12 casillas,No,1 acción
Fulguración Ósea,"Un relámpago se hunde en la carne y recorre el esqueleto, iluminando cada hueso antes de lanzar a su víctima por los aires.","M, S, V",No,7º círculo,Instantáneo,Energía,un hueso pequeño de ave y un hilo de cobre,12 casillas,No,1 acción
Decreto Cadavérico,"Una oleada de energía negativa abrasa a tu víctima; si muere, su cadáver se alza como zombi a tus órdenes.","M, S, V",No,7º círculo,Instantánea,Ruina,"opcional, solo para alzar al muerto: polvo de perla negra por valor mínimo de X po, que se consume;",12 casillas,No,1 acción
Suspensión Temporal,"Por un instante el tiempo se congela para todos salvo para ti, que actúas sin que nadie pueda reaccionar.",V,No,7º círculo,Especial,Realidad,,Personal,No,1 acción
Vorágine Tempestuosa,"Invocas un tornado rugiente que devora todo a su paso, atrapa criaturas y las lanza por los aires.","M, S, V",Yes,7º círculo,"Concentración, hasta 1 minuto","Cinético, Energía",un puñado de paja,60 casillas,No,1 acción
Tempestad Ígnea,Una tormenta de fuego irrumpe en el campo de batalla y consume a todo el que quede atrapado en ella.,"S, V",No,7º círculo,Instantánea,Energía,,30 casillas,No,1 acción
Futuros Enfrentados,"Tu objetivo contempla futuros posibles que se contradicen, y su mente se quiebra bajo el peso de todos ellos.","S, V",Yes,7º círculo,"Concentración, hasta 1 minuto","Destino, Mente",,12 casillas,No,1 acción
Baluarte Compartido,"Un escudo de vitalidad arcana envuelve a tus aliados, repartiendo una reserva enorme de puntos de golpe temporales entre ellos.","S, V",No,7º círculo,1 hora,Restauración,,12 casillas,No,1 acción
Morada Ajena,Tu esencia salta al cuerpo de otro humanoide y toma las riendas de su voluntad mientras él mira impotente.,"M, S, V",No,7º círculo,1 hora,"Mente, Realidad","un frasco de cristal vacío, que no se consume",Toque,Yes,1 minuto
Eclipse Astral,Un astro se interpone ante el sol y el día se apaga bajo una corona de luz.,"S, V",Yes,7º círculo,"Concentración, hasta 1 hora","Espejismo, Realidad",,"Personal (radio de 10 millas, unas 10.560 casillas)",No,1 acción
Rayos Prismáticos,"Ocho haces de luz de colores brotan de tu mano y barren el cono, cada uno portando un castigo distinto.","S, V",No,7º círculo,Instantáneo,"Energía, Espejismo",,Personal (cono de 12 casillas),No,1 acción
Inversión Gravitatoria,La gravedad se invierte en un enorme cilindro y todo lo no anclado cae hacia el cielo.,"M, S, V",Yes,7º círculo,"Concentración, hasta 1 minuto","Cinético, Realidad",un imán y limaduras de hierro,20 casillas,No,1 acción
Símbolo de Perdición,"Inscribes un glifo casi invisible que, al activarse, desata un efecto devastador sobre quienes lo rodean.","M, S, V",No,7º círculo,"Hasta que se active o se disipe (tras activarse, 10 minutos)","Mente, Ruina","gemas molidas por valor mínimo de 1.000 po, que el conjuro consume",Toque,Yes,1 minuto
Translocación,"Transportas al instante a ti y a tus aliados a un destino conocido, aunque el viaje no siempre sale bien.",V,No,7º círculo,Instantáneo,Realidad,,2 casillas,No,1 acción
Miasma Violeta,"Una espesa bruma púrpura brillante lo envuelve todo, entorpeciendo movimientos, ataques y conjuros de quien la cruce","M, S, V",Yes,7º círculo,"Concentración, hasta 1 minuto ","Cinético, Espejismo",un frasco con restos de humo púrpura,12 casillas,No,1 acción adicional
Solipsismo,Convences a una criatura de que solo ella existe y que el mundo entero es una ilusión.,"S, V",Yes,7º círculo,"Concentración, hasta 1 minuto","Mente, Realidad",,12 casillas,No,1 acción
Condena de Arraigo,"Maldices a un ser u objeto para que quede atado a un punto, incapaz de huir lejos.","M, S, V",Yes,7º círculo,"Concentración, hasta 1 hora","Destino, Realidad",un eslabón de cadena de hierro y un puñado de tierra del lugar,12 casillas,No,1 acción
Parásito Arcano,Te vinculas a una fuente de poder arcano cercana y la usas para lanzar conjuros sin gastar maná.,"M, S, V",No,7º círculo,8 horas,"Cinético, Origen","un hilo de plata ennegrecido, se consume",6 casillas,Yes,1 minuto
Convocar Espíritu Sombrío,Invocas un espíritu de sombras moldeado por una emoción que combate a tu lado hasta caer o disiparse.,"M, S, V",Yes,7º círculo,"Concentración, hasta 1 hora","Origen, Ruina","una lágrima helada guardada en un frasco de cristal, se consume",12 casillas,No,1 acción
Crear Bastón del Trueno,Imbuyes un bastón con sonido ambiental durante dos meses para convertirlo en un arma capaz de descargar truenos.,"M, S, V",No,7º círculo,Especial (60 días de carga + 60 días para gastar la última carga),"Cénit, Energía","un bastón corriente, que se conserva, y polvo de campana de bronce por valor de 50 po, que se consume",Toque,No,1 hora
Hambre Insaciable,"Maldices a una criatura conocida para que ningún alimento la sacie, consumiéndola de agotamiento día tras día.","M, S, V",No,7º círculo,"Hasta ser disipado ",Ruina,un cuenco de barro agrietado y un puñado de migas de pan enmohecido,12 casillas,No,1 acción
Convocar Soldados de Hielo,Viertes un vial de agua y surgen dos soldados de hielo que luchan a tu mando hasta derretirse.,"M, S, V",No,7º círculo,1 hora,"Catálisis, Origen","un vial de agua, que se vierte y se consume",12 casillas,No,1 acción
Encarnación de Jarabe,"Te transformas en jarabe de caramelo vivo, pegajoso, resistente a golpes y capaz de atrapar a tus enemigos","M, S, V",Yes,7º círculo,"Concentración, hasta 1 minuto","Catálisis, Simbiosis","un terrón de azúcar o un caramelo, que se consume",Personal (efectos de hasta 12 casillas),No,1 acción
Encarnación de Resina,"Te conviertes en resina del color que elijas, endureciendo tu cuerpo e inmovilizando a tus enemigos en ámbar.","M, S, V",Yes,7º círculo,"Concentración, hasta 1 minuto","Cénit, Simbiosis","una gota de resina endurecida, que se consume",Personal (efectos de hasta 12 casillas),No,1 acción
Portal de Vapor Ácido,"Abres un portal de vapor ácido hacia un lugar conocido; tus aliados lo cruzan, los intrusos se corroen.","M, S, V",Yes,7º círculo,"Concentración, hasta 1 minuto","Catálisis, Realidad","un vial de ácido, que se consume, y una piedra del lugar de destino",12 casillas (portal); destino a un máximo de 100 millas,No,1 acción
Espinas de Obsidiana,Colmillos de obsidiana brotan del suelo en murallas afiladas que protegen a quien se esconde tras ellas y despedazan a quien las cruza.,"M, S, V",Yes,7º círculo,"Concentración, hasta 1 minuto",Cénit,una esquirla de obsidiana,24 casillas,No,1 acción
Égida Especular,"Un escudo reluciente de energía envuelve a tu aliado, desvía el acero común y devuelve a cada lanzador sus propios hechizos hostiles.","M, S, V",Yes,7º círculo,"Concentración, hasta 1 minuto",Restauración,un espejo de mano de plata,Toque,No,1 acción
Muro de Hachas Danzantes,"Un muro de hachas giratorias avanza a tu orden, segando a cuantos se interpongan hasta que se desvanece en un montón de miniaturas.","M, S, V",Yes,7º círculo,"Concentración, hasta 1 minuto",Cinético,un puñado de hachas en miniatura,6 casillas,No,1 acción
Cubo de Deriva Arcana,"Un cubo de inestabilidad mágica retuerce las trayectorias de los hechizos, que se desvían hacia direcciones impredecibles, incluso contra su propio lanzador.","M, S, V",Yes,7º círculo,"Concentración, hasta 1 minuto",Cinético,una brújula con la aguja rota,24 casillas,No,1 acción
Ruptura de Soberanía,"Drenas la fuerza vital de un tirano legendario, arrebatándole el poder de actuar fuera de su turno mientras su mente se tambalea.","S, V",Yes,7º círculo,"Concentración, hasta 1 minuto",Ruina,,12 casillas,No,1 acción
Festín del Hedonista,"Una embriagadora fiesta brota de la nada: quien la pisa canta, bebe y baila, olvidando deberes, rencores y emboscadas.","M, S, V",Yes,7º círculo,"Concentración, hasta 1 hora",Mente,"un barril de vino y manjares de banquete por valor de 50 po, que se consumen",18 casillas,Yes,10 minutos
Embate de Fuego y Escarcha,"Una ola de calor abrasador estalla desde ti, seguida de un frío glacial que cristaliza lo que el fuego dejó humeante.","S, V",No,7º círculo,Instantánea,"Catálisis, Energía",,Personal (radio de 6 casillas),No,1 acción
Anillo de Resguardo Arcano,"Un aro de energía titilante gira a tu alrededor, protegiéndote a ti y a tus aliados contra hechizos y un tipo de daño elegido.","M, S, V",Yes,7º círculo," Concentración, hasta 10 minutos","Cinético, Restauración","un aro de hierro, que no se consume",Personal (radio de 3 casillas),No,1 acción adicional
Marea de Oscuridad Marchita,Una oleada de oscuridad marchita apaga toda luz y devora el vigor de quienes quedan atrapados en sus sombras.,"M, S, V",No,7º círculo,"Concentración, hasta 1 minuto","Espejismo, Ruina",un trozo de carbón y una pluma de cuervo,Personal (esfera de 24 casillas de radio),No,1 acción
Mil Formas Salvajes,"Una magia ancestral desdibuja carne y hueso, y tus aliados corren, vuelan o nadan bajo pieles salvajes.","S, V",Yes,8º círculo,"Concentración, hasta 24 horas",Simbiosis,,6 casillas,No,1 acción
Aversión Eterna,Un objeto cargado de repulsión sorda: quienes lo ven sienten un pánico irracional y solo desean huir lejos.,"M, S, V",No,8º círculo,24 horas,Mente,un trozo de alumbre remojado en vinagre,Toque,Yes,1 hora
Vacío Arcano,"El aire se queda quieto y mudo a tu alrededor, como si la propia magia hubiera dejado de existir.","M, S, V",Yes,8º círculo,"Concentración, hasta 1 hora","Cinético, Realidad",una pizca de limaduras de hierro,Personal (Emanación de 2 casillas),No,1 acción
Mente Quebrada,Una descarga psíquica arrasa los pensamientos del objetivo y deja tras de sí solo silencio y vacío.,"M, S, V",No,8º círculo,Instantánea,Mente,"un puñado de esferas de arcilla, cristal, vidrio o mineral",30 casillas,No,1 acción
Doble Latente,"Una semilla de vida espera en la oscuridad, paciente, a que el alma reclame un cuerpo nuevo.","M, S, V",No,8º círculo,Instantánea,"Destino, Simbiosis","un diamante por valor de 1.000 po, que se consume; al menos 2,5 cm³ de carne de la criatura clonada; y un receptáculo sellable por valor de 2.000 po",Toque,No,1 hora
Dominio del Clima,"El cielo obedece tu voluntad: las nubes se agolpan, el viento aúlla y el mundo contiene el aliento.","M, S, V",Yes,8º círculo,"Concentración, hasta 8 horas","Catálisis, Energía",incienso ardiendo y trozos de tierra y madera mezclados en agua,Personal (radio de 5 millas),No,10 minutos
Cataclismo de Magma,La tierra se resquebraja y escupe un torrente de roca fundida que sepulta a tus enemigos bajo fuego.,"M, S, V",No,8º círculo," 1 minuto","Cénit, Energía",un puñado de ceniza volcánica,Personal (cono de 12 casillas),No,1 acción
Regreso al Ayer,Las horas se desenrollan hacia atrás y despiertas en un ayer que aún no ha decidido cómo termina.,"M, S, V",No,8º círculo,8 horas,"Destino, Realidad","un reloj de arena de cristal engastado en plata, por valor de 500 po",Personal,No,1 acción
Cámara de la Puerta Umbría,Abres una puerta de sombras en una superficie sólida que conduce a una cámara vacía de madera o piedra.,"S, V",No,8º círculo,1 hora,"Espejismo, Realidad",,12 casillas,No,1 acción
Sacudida Tectónica,"Un temblor colosal desgarra el suelo, derriba criaturas, abre fisuras y reduce estructuras a escombros mientras mantienes la concentración.","M, S, V",Yes,8º círculo,"Concentración, hasta 1 minuto",Cénit,"una pizca de tierra, un trozo de roca y un terrón de arcilla",100 casillas,No,1 acción
Orbe de Velo Violeta,Una perla imperfecta se convierte en un orbe violeta que oculta a tus aliados y puede cegar a tus enemigos.,"M, S, V",Yes,8º círculo,"Concentración, hasta 10 minutos",Espejismo,"una perla imperfecta valorada en 100 po, que se consume",Personal (aliados a 12 casillas),No,1 acción
Pira de la Venganza Sagrada,Maldices a diez enemigos para que estallen en llamas sagradas si abaten a uno de tus aliados.,"M, S, V",Yes,8º círculo,"Concentración, hasta 1 hora","Destino, Energía",una brasa de carbón y una pluma chamuscada,12 casillas,No,1 acción
Aura Prismática Disruptiva,Un aura prismática delata a ocultos e invisibles y suprime la magia de quienes intenten lanzar conjuros u objetos.,"M, S, V",Yes,8º círculo,"Concentración, hasta 1 minuto","Cinético, Espejismo",un prisma de cristal,12 casillas,No,1 acción
Resplandor de Guarda Sagrada,Un aura sagrada protege a tus elegidos con ventaja en salvaciones y ciega a no muertos e infernales atacantes.,"M, S, V",Yes,8º círculo,"Concentración, hasta 1 minuto","Destino, Restauración","un relicario diminuto valorado en 100 po que contenga una reliquia sagrada, no se consume",Personal (emanación de 6 casillas),No,1 acción
Nube de Brasas Voraz,"Una nube de brasas y humo abrasa a quienes la tocan, ofusca la vista y avanza lentamente por el campo.","S, V",Yes,8º círculo,"Concentración, hasta 1 minuto",Energía,,30 casillas,No,1 acción
Dédalo Dimensional," Los muros del mundo se pliegan y tragan a tu víctima, dejándola vagando entre pasillos infinitos de piedra muda.","S, V",Yes,8º círculo,"Concentración, hasta 10 minutos",Realidad,,12 casillas,No,1 acción
Velo de la Mente Vacía,"Tu mente se vuelve un lago helado y liso: ningún pensamiento afluye, ningún ojo ajeno logra asomarse a su fondo.","S, V",No,8º círculo,24 horas,"Mente, Restauración",,Toque,No,1 acción
Palabra Aturdidora,"Una sola sílaba, pronunciada con la voz del trueno, estalla dentro del cráneo y apaga el pensamiento como una vela.",V,Yes,8º círculo,Instantáneo,Mente,,12 casillas,No,1 acción
Explosión Solar,Un sol en miniatura estalla sobre el campo de batalla; la oscuridad huye y el mundo se vuelve blanco.,"M, S, V",No,8º círculo,Instantáneo,"Destino, Energía",una llama y un fragmento de piedra solar,30 casillas,No,1 acción
Enlace Telepático,"Dos mentes se tienden un hilo de plata invisible y conversan sin voz ni distancia, compartiendo palabras, imágenes y sonidos.","M, S, V",No,8º círculo,24 horas,Mente,un par de anillos de plata enlazados,Ilimitado (mismo plano de existencia),No,1 acción
Ola Devastadora,"El mar se alza como un muro vivo y avanza rugiendo, arrastrando consigo piedra, madera y gritos.","S, V",Yes,8º círculo,"Concentración, hasta 6 rondas","Catálisis, Cinético",," 60 casillas",No,1 minuto
Pliego Viviente,"Tu cuerpo se deshace en hojas que susurran al viento, afiladas como cuchillas y obedientes como una bandada.","M, S, V",Yes,8º círculo,"Concentración, hasta 10 minutos","Cinético, Cénit","un pliego de papel, que se consume",Personal (control de papel a 12 casillas),No,1 acción
Pantano Encarnado,Tu carne se vuelve cieno espeso; la tierra a tus pies se ablanda y los enemigos se hunden sin remedio.,"M, S, V",Yes,8º círculo,"Concentración, hasta 10 minutos","Catálisis, Simbiosis","un puñado de barro, que se consume"," Personal (ciénaga a 12 casillas)",No,1 acción
Resplandor Aplastante,"Un estallido de luz blanca y opresiva cae sobre quienes te ven, aplastando vista y voluntad como un yunque radiante.","S, V",No,8º círculo,Instantáneo,"Energía, Espejismo",,Personal (emanación de 12 casillas),No,1 acción
Vislumbre del Vacío,Por un instante cae el velo de la realidad y tus enemigos contemplan la nada infinita que acecha detrás.,"S, V",No,8º círculo,Instantáneo,"Mente, Realidad",,Personal (emanación de 12 casillas),No,1 acción
Miasma Encubridor,Una bruma invisible y ponzoñosa te rodea: tus aliados se ocultan en ella y tus enemigos se ahogan.,"M, S, V",Yes,8º círculo,"Concentración, hasta 1 hora","Espejismo, Simbiosis",una pizca de hierbas ponzoñosas,Personal (emanación de 6 casillas),No,1 acción
Viento Sepulcral,Una esfera de viento revuelto arrastra el hedor de la tumba y marchita todo lo vivo que roza.,"S, V",Yes,8º círculo,"Concentración, hasta 10 minutos","Cinético, Ruina",,24 casillas,No,1 acción
Chorro Disolvente,"Un torrente de ácido brota de tus manos, disolviendo carne, hueso y armadura en un vapor verdoso y nocivo.","M, S, V",No,8º círculo,Instantáneo,Catálisis,un frasco de ácido,Personal (línea de 12 casillas de largo y 1 de ancho),No,1 acción
Reserva de Vitalidad,"Un manantial de energía vital compartida protege a tus aliados, y cada uno bebe de él cuando lo necesita.","M, S, V",No,8º círculo,1 hora,Restauración,una gota de agua,12 casillas,No,1 acción
Forma del Caos,Tu cuerpo se disuelve en un remolino de color y sonido donde la magia estalla sin ley ni orden.,"M, S, V",Yes,8º círculo,"Concentración, hasta 1 minuto","Destino, Realidad",un fragmento de cristal de colores,Personal,No,1 acción
Gran Floración,"Hundes una bellota de plata y la tierra despierta, fértil y generosa, hasta donde alcanza la vista del horizonte.","M, S, V",No,8º círculo,1 año (permanente con foco ritual),"Destino, Simbiosis","una bellota de plata, que se consume",Toque (suelo firme); área de 1056 casillas (1 milla) de radio,No,1 hora
Estrella Convocada,"Una estrella desciende de los cielos con forma de figura luminosa y cabello blanco, obediente a tu voz.","S, V",Yes,8º círculo,"Concentración, hasta 1 hora","Mente, Origen",,18 casillas,No,1 acción
Convocar Titán,"El suelo tiembla y un coloso nacido de tu voluntad se alza, eclipsando el cielo y obedeciendo tus órdenes.","M, S, V",Yes,9º círculo,"Concentración, hasta 1 hora",Origen,una escama o un fragmento de hueso de titán,12 casillas,No,1 acción
Forma Mutable,Tu cuerpo se desdibuja como tinta en agua y se recompone en la silueta de cualquier criatura que hayas visto.,"M, S, V",Yes,9º círculo,"Concentración, hasta 1 hora",Simbiosis,"una diadema de jade valorada en 1.500 po, que te colocas en la cabeza",Personal,No,1 acción
Tormenta Sombría,"Un cielo ennegrecido se cierra sobre el mundo; trueno, rayo y granizo caen sin piedad sobre todo lo que vive.","S, V",Yes,9º círculo,"Concentración, hasta 1 minuto","Catálisis, Energía",,"120 casillas, un punto que puedas ver",No,1 acción
Transmutación Verdadera,"Tu dedo señala y la realidad obedece: carne, piedra y bestia intercambian su naturaleza como si nunca hubieran sido distintas.","M, S, V",Yes,9º círculo,"Concentración, hasta 1 hora","Catálisis, Simbiosis","una gota de mercurio, una cucharada de goma arábiga y una voluta de humo",6 casillas,No,1 acción
Horror Íntimo,"En lo más hondo de cada mente florece su peor pesadilla, visible solo para quien la sufre.","S, V",Yes,9º círculo,"Concentración, hasta 1 minuto","Espejismo, Mente",,24 casillas,No,1 acción
Liberación Absoluta,"Una explosión de energía amarillo-blanca barre cuanto te rodea, rompiendo cadenas, sellos y hechizos que atan voluntades y espacios.","S, V",No,9º círculo,Instantánea,Restauración,,Personal (esfera de 24 casillas / 120 pies de radio centrada en ti),No,1 acción
Géiser de Magma,"El suelo se abre y un surtidor de roca fundida asciende hacia el cielo, devorando cuanto toque a su paso.","S, V",Yes,9º círculo,"Concentración, hasta 1 minuto","Cénit, Energía",,24 casillas,No,1 acción
Recinto Soberano,"Una esfera te envuelve; dentro de ella, el espacio te obedece y cada cosa es una pieza de tu tablero.","S, V",No,9º círculo,"Concentración, hasta 1 minuto","Cinético, Realidad",,"Personal (esfera de 20 casillas / 100 pies de radio centrada en ti, fija en el punto donde la creas)",No,1 acción
Enjambre de Meteoritos,"Cuatro orbes de fuego caen sobre puntos que veas, abrasando y aplastando a todo lo que haya bajo ellos.","S, V",No,9º círculo,Instantáneo,"Cénit, Energía",,60 casillas,No,1 acción
Muro Prismático," Un muro de luz de siete capas coloridas que bloquea, daña y altera a quien lo cruce.","S, V",Yes,9º círculo,"Concentración, hasta 10 minutos","Energía, Espejismo",,"12 casillas ",No,1 acción
Resurrección Verdadera,"Devuelve la vida a una criatura muerta hace menos de dos siglos, restaurando su cuerpo, curando heridas y purgando maldiciones.","M, S, V",No,9º círculo,Instantáneo,"Destino, Restauración","diamantes por valor de 25.000 po, que se consumen",Toque,No,1 hora
Deseo,"Pronuncia un deseo que altera la realidad: copia un conjuro, deshace una tirada o remodela el mundo, a un precio.",V,No,9º círculo,Instantáneo,"Destino, Realidad",,Personal,No,1 acción
Maldición de Sangre,"Un ritual oscuro maldice a un objetivo y a su descendencia, debilitando una característica hasta ser disipado.","M, S, V",No,9º círculo,Hasta ser disipado,"Destino, Ruina",un mechón de pelo o una gota de sangre del objetivo,"132 casillas ",Yes,1 minuto
Aplastamiento Gravitatorio,"La gravedad se multiplica por diez a tu alrededor, derribando, inmovilizando y aplastando a toda criatura atrapada en el área.","S, V",No,9º círculo,"Concentración, hasta 1 minuto",Cinético,,Personal (esfera de 10 casillas de radio),No,1 acción
Alma Robada,"Arrancas un fragmento del alma de un enemigo, reduciendo permanentemente su vitalidad máxima y recogiendo su esencia.","S, V",No,9º círculo,Instantáneo,"Origen, Ruina",,12 casillas,No,1 acción
Fusión Pétrea,Te fundes con cualquier superficie de piedra y te desplazas invisible a través de ella con total libertad.,"S, V",No,9º círculo,"Concentración, hasta 1 hora","Cénit, Realidad",,Personal,No,1 acción