Nombre,Breve descripción,Componentes,Duración,Esfera de conjuro,Materiales,"Nivel ",Rango,Ritual,Tiempo de lanzamiento,Tipo duración
Animar Objeto,"Le otorgas voluntad a lo inerte; la silla, el candelabro o la espada te sirven fielmente.","M, S, V","Concentración, hasta 1 hora","Cinético, Origen",Un frasco de aceite de valor 10 PO,1º círculo,2 casillas,No,1 acción,Concentración (https://app.notion.com/p/Concentraci-n-ae225ac34e8d45eaa1895be889d50718?pvs=21)
Manipulación Vegetal,"Raíces y zarcillos brotan a tu llamado, obedeciendo tu voluntad con vida propia.","M, S, V",Instantáneo,Simbiosis,Una semilla o ramita viva,Truco,10 casillas,No,1 acción,Instantáneo (https://app.notion.com/p/Instant-neo-fd7b6c1ffff0428884c14c221d445309?pvs=21)
Toque Bestial,"Tu mano adopta garras, colmillos o aguijón: la naturaleza ataca a través de ti.","M, S, V",Instantáneo,Simbiosis,"Pelo, escama o pluma de bestia",Truco,Contacto,No,1 acción bono,Instantáneo (https://app.notion.com/p/Instant-neo-fd7b6c1ffff0428884c14c221d445309?pvs=21)
Vínculo natural,Susurras en el lenguaje antiguo de la vida; la criatura siente tu intención sin palabras.,S,1 minuto,"Restauración, Simbiosis",,Truco,6 casillas,No,1 acción bono,Intervalo de tiempo (https://app.notion.com/p/Intervalo-de-tiempo-15b82858a775800db5ebfb0fb6129245?pvs=21)
Llamada del Enjambre,"Con un silbido arcano, insectos, ratas o aves acuden a tu alrededor como ecos vivientes.","S, V",1 minuto,Simbiosis,,Truco,Personal (emanación 2 casillas),No,1 acción,Intervalo de tiempo (https://app.notion.com/p/Intervalo-de-tiempo-15b82858a775800db5ebfb0fb6129245?pvs=21)
Chispa Vital,"Una luz dorada y cálida emerge de tu palma, sanando o quemando según tu voluntad.","M, S, V",Instantáneo,"Cinético, Restauración",Un fragmento de ámbar o resina curada,Truco,6 casillas,No,1 acción,Instantáneo (https://app.notion.com/p/Instant-neo-fd7b6c1ffff0428884c14c221d445309?pvs=21)
Aliviar,"Con un toque gentil o una palabra suave, el veneno o el cansancio se desvanece.",V,Instantáneo,Restauración,,Truco,Contacto,No,1 acción bono,Instantáneo (https://app.notion.com/p/Instant-neo-fd7b6c1ffff0428884c14c221d445309?pvs=21)
Escudo de Fe,"Una barrera de luz pura rodea al elegido, desviando los golpes del destino.","S, V",1 ronda,"Destino, Restauración",,Truco,6 casillas,No,1 acción bono,Intervalo de tiempo (https://app.notion.com/p/Intervalo-de-tiempo-15b82858a775800db5ebfb0fb6129245?pvs=21)
Purificar,Las impurezas huyen ante tu voluntad; el agua turbia se vuelve cristalina.,"S, V",Instantáneo,Restauración,,Truco,Contacto,No,1 acción,Instantáneo (https://app.notion.com/p/Instant-neo-fd7b6c1ffff0428884c14c221d445309?pvs=21)
Toque Sombrío,Tu mano se oscurece; la vida huye de tu contacto como agua entre los dedos.,"M, S, V",Instantáneo,Ruina,Un hueso o diente de criatura fallecida,Truco,Contacto,No,1 acción,Instantáneo (https://app.notion.com/p/Instant-neo-fd7b6c1ffff0428884c14c221d445309?pvs=21)
Sangrar,"Una herida arcana se abre en el enemigo, negándose a cerrarse.","M, S, V",Instantáneo,"Ruina, Simbiosis",Una espina o diente pequeño,Truco,6 casillas,No,1 acción bono,Instantáneo (https://app.notion.com/p/Instant-neo-fd7b6c1ffff0428884c14c221d445309?pvs=21)
Inocular,Una aguja de sombra brota de tu palma y hunde en el cuerpo del enemigo un veneno etéreo que se extiende desde dentro.,"M, S",Instantáneo,Ruina,Una aguja de hueso o metal,Truco,1 casilla,No,1 acción bono,Instantáneo (https://app.notion.com/p/Instant-neo-fd7b6c1ffff0428884c14c221d445309?pvs=21)
Espíritu Menor,De la sombra nace algo pequeño y obediente; no-muerto o espíritu acude a tu llamado.,"S, V",1 minuto,"Origen, Ruina",,Truco,2 casillas,No,1 acción,Intervalo de tiempo (https://app.notion.com/p/Intervalo-de-tiempo-15b82858a775800db5ebfb0fb6129245?pvs=21)
Chispa Arcana,"Un dardo de energía pura te obedece; simple, letal, versátil.","M, S, V",Instantáneo,Cinético,Un hilo de cobre enrollado,Truco,12 casillas,No,1 acción,Instantáneo (https://app.notion.com/p/Instant-neo-fd7b6c1ffff0428884c14c221d445309?pvs=21)
Glifo de Aviso,Grabas un sigilo invisible; quien lo pise despertará fuerzas que no esperaba.,"S, V",1 hora o hasta activarse,"Cinético, Destino",,Truco,2 casillas,No,1 acción,Intervalo de tiempo (https://app.notion.com/p/Intervalo-de-tiempo-15b82858a775800db5ebfb0fb6129245?pvs=21)
Empuje Arcano,Un impulso invisible pero irresistible; la criatura vuela por el aire.,"S, V",Instantáneo,Cinético,,Truco,6 casillas,No,1 reacción,Instantáneo (https://app.notion.com/p/Instant-neo-fd7b6c1ffff0428884c14c221d445309?pvs=21)
Catalizar Maná,Conviertes la magia misma en sustancia líquida; un sorbo de poder almacenado para cuando más lo necesites.,"S, V",24 horas,Cinético,,Truco,Personal,No,1 acción,Intervalo de tiempo (https://app.notion.com/p/Intervalo-de-tiempo-15b82858a775800db5ebfb0fb6129245?pvs=21)
Moldear Agua,"El agua te obedece: fluye, corta, congela o escaldas según tu necesidad.","M, S, V","Instantáneo / Hasta 1 hora ","Catálisis, Energía",Una gota de agua en la palma,Truco,6 casillas,No,1 acción,Intervalo de tiempo (https://app.notion.com/p/Intervalo-de-tiempo-15b82858a775800db5ebfb0fb6129245?pvs=21)
" Chorro Ácido","Un chorro de líquido corrosivo disuelve metal, carne y esperanza a partes iguales.","S, V",Instantáneo,"Catálisis, Ruina",,Truco,6 casillas,No,1 acción,Instantáneo (https://app.notion.com/p/Instant-neo-fd7b6c1ffff0428884c14c221d445309?pvs=21)
Secar,Evaporas la humedad al instante; el agua desaparece como si nunca hubiera existido.,V,Instantáneo,"Catálisis, Energía",,Truco,4 casillas,No,1 acción bono,Instantáneo (https://app.notion.com/p/Instant-neo-fd7b6c1ffff0428884c14c221d445309?pvs=21)
Transmutación Menor,La materia obedece tu voluntad; lo ordinario se convierte en algo útil.,"S, V",1 hora,Catálisis,,Truco,Contacto,No,1 acción,Intervalo de tiempo (https://app.notion.com/p/Intervalo-de-tiempo-15b82858a775800db5ebfb0fb6129245?pvs=21)
Acometida Psíquica,Tu pensamiento se convierte en lanza; la mente del enemigo sangra sin herida visible.,"M, S, V",Instantáneo,Mente,Un cristal pulido que refleje la luz,Truco,12 casillas,No,1 acción,Instantáneo (https://app.notion.com/p/Instant-neo-fd7b6c1ffff0428884c14c221d445309?pvs=21)
Atracción,Un impulso irresistible; la criatura se acerca sin saber por qué.,"S, V",1 ronda,"Espejismo, Mente",,Truco,8 casillas,No,1 acción bono,Intervalo de tiempo (https://app.notion.com/p/Intervalo-de-tiempo-15b82858a775800db5ebfb0fb6129245?pvs=21)
Susurro Sombrío,"Implanta una duda, un miedo fugaz, un pensamiento ajeno que parece propio.",V,Instantáneo,"Espejismo, Mente",,Truco,6 casillas,No,1 acción bono,Instantáneo (https://app.notion.com/p/Instant-neo-fd7b6c1ffff0428884c14c221d445309?pvs=21)
Guía,Tu voz o gesto otorgan claridad sobrenatural; el éxito se vuelve algo más alcanzable.,V,"Concentración, hasta 1 minuto","Destino, Mente",,Truco,6 casillas,No,1 acción bono,Concentración (https://app.notion.com/p/Concentraci-n-ae225ac34e8d45eaa1895be889d50718?pvs=21)
Ilusión Menor,Tejes una imagen perfecta de algo que no existe; la mente del enemigo hace el resto.,"M, S, V",1 minuto,Espejismo,Un trozo de vellón de oveja,Truco,6 casillas,No,1 acción,Intervalo de tiempo (https://app.notion.com/p/Intervalo-de-tiempo-15b82858a775800db5ebfb0fb6129245?pvs=21)
Rayo de Purpurina,Un destello de luz carmesí y oro; el objetivo parpadea y ya no puede ver bien.,"S, V",Instantáneo,"Energía, Espejismo",,Truco,8 casillas,No,1 acción bono,Instantáneo (https://app.notion.com/p/Instant-neo-fd7b6c1ffff0428884c14c221d445309?pvs=21)
Velo de Sombra,"Te envuelves en penumbra; por un instante, eres solo una sombra entre sombras.","S, V",Hasta el inicio de tu próximo turno,Espejismo,,Truco,Personal,No,1 reacción,Intervalo de tiempo (https://app.notion.com/p/Intervalo-de-tiempo-15b82858a775800db5ebfb0fb6129245?pvs=21)
Prestidigitación,"Pequeños trucos de luz, humo y sonido; la magia que parece simple nunca lo es.","S, V",Hasta 1 hora,Espejismo,,Truco,2 casillas,No,1 acción,Intervalo de tiempo (https://app.notion.com/p/Intervalo-de-tiempo-15b82858a775800db5ebfb0fb6129245?pvs=21)
Pisotón Telúrico,El suelo mismo se convierte en tu arma; la tierra sacude y aplasta cuanto la pisa.,"M, S, V",Instantáneo,Cénit,Un puñado de tierra o arena,Truco,Radio 2 casillas (centrado en ti o punto dentro de 4 casillas),No,1 acción,Instantáneo (https://app.notion.com/p/Instant-neo-fd7b6c1ffff0428884c14c221d445309?pvs=21)
Dermis Pétrea,Tu piel adopta la dureza de la piedra; eres roca viva que camina y golpea.,"M, S, V",Instantáneo,"Cénit, Restauración",Un fragmento de cuarzo o granito,Truco,Contacto,No,1 acción,Instantáneo (https://app.notion.com/p/Instant-neo-fd7b6c1ffff0428884c14c221d445309?pvs=21)
Lastre Gravitatorio,La gravedad pesa más sobre el elegido; cada paso se vuelve un esfuerzo titánico.,S,1 ronda,Cénit,,Truco,8 casillas,No,1 acción bono,Intervalo de tiempo (https://app.notion.com/p/Intervalo-de-tiempo-15b82858a775800db5ebfb0fb6129245?pvs=21)
Reparar,"Con tus manos y voluntad, soldas lo roto; el objeto recuerda su forma original.","S, V",Instantáneo,"Catálisis, Cénit",,Truco,Contacto,No,1 acción,Instantáneo (https://app.notion.com/p/Instant-neo-fd7b6c1ffff0428884c14c221d445309?pvs=21)
Rayo de Fuego,Un pequeño sol nace en tu palma; lo lanzas y el mundo arde.,"M, S, V",Instantáneo,Energía,Una mota de azufre o un fósforo,Truco,12 casillas,No,1 acción,Instantáneo (https://app.notion.com/p/Instant-neo-fd7b6c1ffff0428884c14c221d445309?pvs=21)
Salto Eléctrico,"Un arco de relámpago te catapulta; a tu paso, chispas queman a los cercanos.","S, V",Instantáneo,"Energía, Realidad",,Truco,4 casillas,No,1 acción bono,Instantáneo (https://app.notion.com/p/Instant-neo-fd7b6c1ffff0428884c14c221d445309?pvs=21)
Toque Eléctrico,Tu mano carga con el poder de la tormenta; el contacto deja a tu enemigo paralizado.,"S, V",Instantáneo,Energía,,Truco,Contacto,No,1 acción,Instantáneo (https://app.notion.com/p/Instant-neo-fd7b6c1ffff0428884c14c221d445309?pvs=21)
Resonar,"Amplifica, distorsiona o silencia el sonido; la vibración del aire obedece tu voluntad.",S,1 minuto,Energía,,Truco,10 casillas,No,1 acción,Intervalo de tiempo (https://app.notion.com/p/Intervalo-de-tiempo-15b82858a775800db5ebfb0fb6129245?pvs=21)
Doblar la Suerte,"Tuerces el hilo del destino; lo que debía fallar acierta, y lo que debía acertar falla.","M, S, V",Instantáneo,Destino,Una moneda vieja con las dos caras iguales,Truco,8 casillas,No,1 acción,Instantáneo (https://app.notion.com/p/Instant-neo-fd7b6c1ffff0428884c14c221d445309?pvs=21)
Augurio,Un instante de visión clara; el futuro inmediato se revela en destellos imprecisos.,"S, V",Instantáneo,Destino,,Truco,Personal,No,1 acción,Instantáneo (https://app.notion.com/p/Instant-neo-fd7b6c1ffff0428884c14c221d445309?pvs=21)
Presagio Defensivo,"Anticipas el golpe antes de que llegue; tu cuerpo se mueve solo, guiado por el destino.","S, V",Instantáneo,"Destino, Restauración",,Truco,Personal,No,1 reacción,Instantáneo (https://app.notion.com/p/Instant-neo-fd7b6c1ffff0428884c14c221d445309?pvs=21)
Marca del Destino,Grabas un sigilo invisible en la mente del enemigo; el destino lo perseguirá.,"S, V",1 minuto,"Destino, Mente",,Truco,6 casillas,No,1 acción bono,Intervalo de tiempo (https://app.notion.com/p/Intervalo-de-tiempo-15b82858a775800db5ebfb0fb6129245?pvs=21)
Mano de mago,"Una mano espectral obedece tu voluntad; recoge, empuja, sostiene o golpea a distancia.","M, S, V",1 minuto (concentración para la utilidad) / Instantáneo (ataque),"Cinético, Origen",Un guante viejo o hilo de seda,Truco,6 casillas,No,1 acción,Intervalo de tiempo (https://app.notion.com/p/Intervalo-de-tiempo-15b82858a775800db5ebfb0fb6129245?pvs=21)
Crear Ilusión Sólida,"Manifiestas materia temporal; lo que creas se ve, se toca y pesa como lo real.","S, V",1 hora,"Espejismo, Origen",,Truco,4 casillas,No,1 acción,Intervalo de tiempo (https://app.notion.com/p/Intervalo-de-tiempo-15b82858a775800db5ebfb0fb6129245?pvs=21)
Arma Espectral,"Manifiestas un arma de energía pura; flota, ataca y obedece como extensión de tu voluntad.","S, V","Concentración, hasta 1 minuto","Cinético, Origen",,Truco,2 casillas,No,1 acción bono,Concentración (https://app.notion.com/p/Concentraci-n-ae225ac34e8d45eaa1895be889d50718?pvs=21)
Convocar Objeto,Llamas a un objeto que conoces; acude volando a través del espacio hacia tu mano.,V,Instantáneo,Origen,,Truco,6 casillas,No,1 acción bono,Instantáneo (https://app.notion.com/p/Instant-neo-fd7b6c1ffff0428884c14c221d445309?pvs=21)
Desgarro Dimensional,Abres una brecha en el tejido del espacio; lo que hay al otro lado no es amigable.,"M, S, V","Instantáneo ",Realidad,Un fragmento de espejo negro o vidrio obsidiana,Truco,10 casillas,No,1 acción,Instantáneo (https://app.notion.com/p/Instant-neo-fd7b6c1ffff0428884c14c221d445309?pvs=21)
Ralentizar Instante,Doblas el tiempo local; el objetivo se mueve como si vadeara melaza invisible.,"S, V",1 ronda,Realidad,,Truco,8 casillas,No,1 acción bono,Intervalo de tiempo (https://app.notion.com/p/Intervalo-de-tiempo-15b82858a775800db5ebfb0fb6129245?pvs=21)
Eco Temporal,"Repites el pasado inmediato; un momento vuelve a ocurrir, aunque no exactamente igual.","S, V",Instantáneo,Realidad,,Truco,Personal,No,1 reacción,Instantáneo (https://app.notion.com/p/Instant-neo-fd7b6c1ffff0428884c14c221d445309?pvs=21)
Anclaje Dimensional,"Fijas a la criatura al plano material; no puede escapar, no puede deslizarse entre mundos.","S, V",1 minuto,"Cénit, Realidad",,Truco,8 casillas,No,1 acción,Intervalo de tiempo (https://app.notion.com/p/Intervalo-de-tiempo-15b82858a775800db5ebfb0fb6129245?pvs=21)
Planta Despertada,"Una raíz, una flor o un zarcillo cobra vida y te sigue con voluntad vegetal silenciosa.","M, S, V","Concentración, hasta 1 hora","Origen, Simbiosis",Una semilla de planta venenosa o resistente de 5 PO,1º círculo,2 casillas,No,1 acción,Concentración (https://app.notion.com/p/Concentraci-n-ae225ac34e8d45eaa1895be889d50718?pvs=21)
Mota de Tormenta,"Una nube viva y furiosa nace de tus manos; chisporrotea, ruge y obedece.","M, S, V","Concentración, hasta 1 hora","Energía, Realidad","Un pelo de criatura herida por rayo, 15 PO",1º círculo,4 casillas,No,1 acción,Concentración (https://app.notion.com/p/Concentraci-n-ae225ac34e8d45eaa1895be889d50718?pvs=21)
Explosión de Tinta,Una bomba de tinta arcana revienta y empapa al enemigo; ve oscuridad y nada más.,"M, S, V","Instantáneo ","Catálisis, Espejismo","Un frasco de tinta de calamar, 2 PO",1º círculo,8 casillas,No,1 acción,Instantáneo (https://app.notion.com/p/Instant-neo-fd7b6c1ffff0428884c14c221d445309?pvs=21)
Fiebre de Mercurio,"Una toxina líquida y plateada entra en la sangre; la mente se nubla, el cuerpo tiembla.","M, S, V",Instantáneo,"Catálisis, Ruina","Una gota de mercurio en un vial sellado, 5 PO",1º círculo,6 casillas,No,1 acción,Instantáneo (https://app.notion.com/p/Instant-neo-fd7b6c1ffff0428884c14c221d445309?pvs=21)
Lluvia de Clavos Magnéticos,Esquirlas de metal magnetizado caen como granizo y se clavan en la carne y el metal.,"M, S, V","Instantáneo ","Cinético, Cénit","Un puñado de clavos de hierro, 1 PO",1º círculo,10 casillas (cono de 3 casillas),No,1 acción,Instantáneo (https://app.notion.com/p/Instant-neo-fd7b6c1ffff0428884c14c221d445309?pvs=21)
Erupción de Lava,El suelo se agrieta y escupe magma; lo que toca arde y no puede escapar fácilmente.,"M, S, V","Instantáneo ","Cénit, Energía",Un fragmento de obsidiana volcánica,1º círculo,8 casillas,No,1 acción,Instantáneo (https://app.notion.com/p/Instant-neo-fd7b6c1ffff0428884c14c221d445309?pvs=21)
Ola Asfixiante,Una ola de agua arcana llena los pulmones de quienes no sepan nadar entre sueños.,"M, S, V","Instantáneo ",Catálisis,"Agua salada en un frasco, 1 PO",1º círculo,"8 casillas (línea de 6 casillas, 1 de ancho)",No,1 acción,Instantáneo (https://app.notion.com/p/Instant-neo-fd7b6c1ffff0428884c14c221d445309?pvs=21)
Red Venenosa,Hilos pegajosos y tóxicos llenan el espacio; quien los toca queda atrapado y envenenado.,"M, S, V","Concentración, hasta 1 hora","Ruina, Simbiosis","Una araña muerta o capullo de seda, 2 PO",1º círculo,8 casillas,No,1 acción,Concentración (https://app.notion.com/p/Concentraci-n-ae225ac34e8d45eaa1895be889d50718?pvs=21)
Lanza de Hielo,Una jabalina de hielo puro atraviesa distancias y deja al objetivo congelado en su sitio.,"M, S, V",Instantáneo,"Catálisis, Energía","Una esquirla de hielo perenne o nieve prensada, 1 PO",1º círculo,12 casillas,No,1 acción,Instantáneo (https://app.notion.com/p/Instant-neo-fd7b6c1ffff0428884c14c221d445309?pvs=21)
Dardos en Llamas,Tres dardos de fuego puro obedecen tu voluntad; siempre encuentran su objetivo.,"M, S, V",Instantáneo,"Destino, Energía","Resina ignífuga, 3 PO",1º círculo,12 casillas,No,1 acción,Instantáneo (https://app.notion.com/p/Instant-neo-fd7b6c1ffff0428884c14c221d445309?pvs=21)
Comandar,Una palabra cargada de poder arcano y voluntad irrompible; el objetivo obedece sin querer.,V,1 ronda,Mente,,1º círculo,12 casillas,No,1 acción,Intervalo de tiempo (https://app.notion.com/p/Intervalo-de-tiempo-15b82858a775800db5ebfb0fb6129245?pvs=21)
Jaula de Ecos,El sonido mismo se convierte en prisión; los gritos del objetivo rebotan y lo enloquecen.,"S, V","Concentración, hasta 1 minuto","Energía, Mente",,1º círculo,10 casillas,No,1 acción,Concentración (https://app.notion.com/p/Concentraci-n-ae225ac34e8d45eaa1895be889d50718?pvs=21)
Calmar Emociones,Una onda de paz arcana se expande y aplaca incluso la rabia más irrefrenable.,"S, V","Concentración, hasta 1 minuto","Mente, Restauración",,1º círculo,12 casillas (radio 4 casillas centrado en punto elegido),No,1 acción,Concentración (https://app.notion.com/p/Concentraci-n-ae225ac34e8d45eaa1895be889d50718?pvs=21)
Nube de Pestilencia,Un vapor verde y espeso llena el área; quien lo respira siente las náuseas del fin.,"M, S, V","Concentración, hasta 1 minuto","Catálisis, Ruina","Estiércol podrido, 3 PO",1º círculo,10 casillas (esfera de radio 2 casillas),No,1 acción,Concentración (https://app.notion.com/p/Concentraci-n-ae225ac34e8d45eaa1895be889d50718?pvs=21)
Terreno Lodoso,El suelo firme se convierte en trampa líquida; avanzar se vuelve un suplicio.,"M, S, V","Concentración, hasta 1 hora","Catálisis, Cénit",Un puñado de barro o arcilla húmeda,1º círculo,10 casillas (área de 4×4 casillas),No,1 acción,Concentración (https://app.notion.com/p/Concentraci-n-ae225ac34e8d45eaa1895be889d50718?pvs=21)
Fascinar,Tus ojos brillan con luz hipnótica; la mente de la víctima queda atrapada en tu mirada.,"S, V","Concentración, hasta 1 minuto","Espejismo, Mente",,1º círculo,8 casillas,No,1 acción,Concentración (https://app.notion.com/p/Concentraci-n-ae225ac34e8d45eaa1895be889d50718?pvs=21)
Enredar,La hierba y las raíces cobran vida y aprisionan a todo el que pise el suelo encantado.,"M, S, V","Concentración, hasta 1 minuto",Simbiosis,Un trozo de hiedra trepadora,1º círculo,12 casillas (radio 4 casillas centrado en punto elegido),No,1 acción,Concentración (https://app.notion.com/p/Concentraci-n-ae225ac34e8d45eaa1895be889d50718?pvs=21)
Sueño Arcano,Un sopor mágico cae sobre los más débiles; sus ojos se cierran sin que puedan evitarlo.,"M, S, V",1 minuto,"Destino, Mente","Pétalos de flor adormecedora o polvo de arena, 2 PO",1º círculo,10 casillas,No,1 acción,Intervalo de tiempo (https://app.notion.com/p/Intervalo-de-tiempo-15b82858a775800db5ebfb0fb6129245?pvs=21)
Agarre Fantasmal,Manos invisibles de otro plano aprisionan al objetivo; no hay escape físico.,"S, V","Concentración, hasta 1 minuto","Mente, Realidad",,1º círculo,8 casillas,No,1 acción,Concentración (https://app.notion.com/p/Concentraci-n-ae225ac34e8d45eaa1895be889d50718?pvs=21)
Invertir Gravedad Local,Señalas el suelo y el cielo se invierten para un ser; cae hacia arriba sin remedio.,"S, V","Concentración, hasta 1 minuto",Cénit,,1º círculo,8 casillas,No,1 acción,Concentración (https://app.notion.com/p/Concentraci-n-ae225ac34e8d45eaa1895be889d50718?pvs=21)
Moho Devoralotodo,"Inoculas esporas de moho arcano; lentamente consume armadura, carne y voluntad.","M, S, V","Concentración, hasta 1 hora","Ruina, Simbiosis","Esporas de moho arcano cultivadas, 25 PO — consumible",1º círculo,8 casillas,Yes,"1 acción, 10 minutos",Concentración (https://app.notion.com/p/Concentraci-n-ae225ac34e8d45eaa1895be889d50718?pvs=21)
Purificación Ácida,Un baño de ácido arcano purifica heridas infectadas pero consume lo podrido con dolor.,"M, S, V","Concentración, hasta 10 minutos","Catálisis, Restauración","Ácido alquímico purificado en frasco de cristal, 30 PO — consumible",1º círculo,Contacto (una criatura o área de 2×2 casillas),Yes,"1 acción, 10 minutos",Concentración (https://app.notion.com/p/Concentraci-n-ae225ac34e8d45eaa1895be889d50718?pvs=21)
Polvo de Óxido,Un polvillo arcano se deposita en el metal; lo que no se limpie se convierte en herrumbre.,"M, S, V","Concentración, hasta 1 hora",Cénit,"Polvillo de óxido prensado, 20 PO — consumible",1º círculo,10 casillas (área de 4×4 casillas),Yes,"1 acción, 10 minutos",Concentración (https://app.notion.com/p/Concentraci-n-ae225ac34e8d45eaa1895be889d50718?pvs=21)
Zona de Infortunio,Marcas el suelo con runas de mala fortuna; quien permanezca sufre el peso del destino adverso.,"M, S, V","Concentración, hasta 8 horas",Destino,"Tinta mágica y fragmento de espejo roto, 35 PO — consumible",1º círculo,8 casillas (radio 3 casillas),Yes,"1 acción, 10 minutos",Concentración (https://app.notion.com/p/Concentraci-n-ae225ac34e8d45eaa1895be889d50718?pvs=21)
Aura de Desolación,Un halo de energía necrótica y desesperanza rodea al lanzador; estar cerca duele.,"M, S, V","Concentración, hasta 1 hora","Espejismo, Ruina","Ceniza de ser vivo quemado en ritual, 40 PO — consumible",1º círculo,Personal (radio 2 casillas),Yes,"1 acción, 10 minutos",Concentración (https://app.notion.com/p/Concentraci-n-ae225ac34e8d45eaa1895be889d50718?pvs=21)
Plaga de Esporas,Las esporas se adhieren a la piel y germinan lentamente; la fiebre verde devora desde dentro.,"M, S, V","Concentración, hasta 1 hora",Simbiosis,"Esporas de hongo venenoso cultivadas, 30 PO — consumible",1º círculo,10 casillas (nube de radio 3 casillas),Yes,"1 acción, 10 minutos",Concentración (https://app.notion.com/p/Concentraci-n-ae225ac34e8d45eaa1895be889d50718?pvs=21)
Campo de Escarcha,"El suelo se cubre de hielo que quema; cada paso ralentiza, cada segundo congela un poco más.","M, S, V","Concentración, hasta 1 hora","Catálisis, Energía","Cristal de hielo perenne sellado en cera de abeja, 25 PO — consumible",1º círculo,10 casillas (área de 5×5 casillas),No,"1 acción, 10 minutos",Concentración (https://app.notion.com/p/Concentraci-n-ae225ac34e8d45eaa1895be889d50718?pvs=21)
Red de Relámpagos,Hilos invisibles de electricidad arcana tejen una trampa letal sobre el área designada.,"M, S, V","Concentración, hasta 1 hora",Energía,"Bobina de hilo de cobre, 35 PO — consumible",1º círculo,8 casillas (área de 4×4 casillas),No,"1 acción, 10 minutos",Concentración (https://app.notion.com/p/Concentraci-n-ae225ac34e8d45eaa1895be889d50718?pvs=21)
Círculo de Vinculación,Trazas el círculo con intención absoluta; quien lo cruce sentirá el peso de tu voluntad.,"M, S, V","Concentración, hasta 8 horas","Destino, Origen","Polvo de plata y carbón, 50 PO — consumible",1º círculo,Personal (radio 3 casillas centrado en ti al lanzar),No,"1 acción, 10 minutos",Concentración (https://app.notion.com/p/Concentraci-n-ae225ac34e8d45eaa1895be889d50718?pvs=21)
Suelo Abrasador,Enciendes el suelo mismo con fuego arcano persistente; caminar se convierte en agonía.,"M, S, V","Concentración, hasta 1 hora",Energía,"Aceite arcano inflamable en frasco sellado, 20 PO — consumible",1º círculo,10 casillas (área de 4×4 casillas),No,"1 acción, 10 minutos",Concentración (https://app.notion.com/p/Concentraci-n-ae225ac34e8d45eaa1895be889d50718?pvs=21)
" Encontrar Familiar","Ofreces tu sangre al vacío y algo responde; no es una mascota, es un fragmento de tu alma.
","M, S, V","Indefinida ",Origen,"Una gota de tu propia sangre — el lanzador reduce sus PG máximos en 1 de forma permanente hasta recuperarlos; no es consumible, es un sacrificio",1º círculo,Personal,Yes,1 acción,Intervalo de tiempo (https://app.notion.com/p/Intervalo-de-tiempo-15b82858a775800db5ebfb0fb6129245?pvs=21)
Represalia Cromática,Tu energía estalla hacia afuera en respuesta a la agresión; el elemento castiga al osado.,"S, V",Instantáneo,"Catálisis, Cinético, Cénit, Destino, Energía, Mente, Realidad, Restauración, Simbiosis",,1º círculo,12 casillas,No,1 reacción,Instantáneo (https://app.notion.com/p/Instant-neo-fd7b6c1ffff0428884c14c221d445309?pvs=21)
Marca Cromática,Señalas al elegido con tu energía; la marca lo persigue y lo debilita ante tus aliados.,"S, V","Concentración, hasta 1 hora","Catálisis, Cinético, Cénit, Energía, Mente, Realidad, Restauración, Ruina, Simbiosis",,1º círculo,12 casillas,No,1 acción bono,
Detectar Magia,Abres un ojo que los demás no tienen; la magia se revela como luz entre sombras.,"S, V","Concentración, hasta 10 minutos","Cinético, Destino",,Truco,Personal (radio 6 casillas),No,1 acción,Concentración (https://app.notion.com/p/Concentraci-n-ae225ac34e8d45eaa1895be889d50718?pvs=21)
Buenas Bayas,"Con palabras de crecimiento y vida, conviertes fruta ordinaria en medicina arcana comestible.","M, S, V",24 horas,"Restauración, Simbiosis",Un puñado de bayas frescas o fruta común,1º círculo,Contacto,Yes,10 minutos,Intervalo de tiempo (https://app.notion.com/p/Intervalo-de-tiempo-15b82858a775800db5ebfb0fb6129245?pvs=21)
Escritura Ilusoria,"Las palabras que escribes son visibles solo para quien tú elijas; para los demás, garabatos sin sentido.","M, S, V",Hasta ser disipado,"Espejismo, Mente",Tinta mágica de al menos 10 PO — consumible,1º círculo,Contacto,Yes,1 minuto,Intervalo de tiempo (https://app.notion.com/p/Intervalo-de-tiempo-15b82858a775800db5ebfb0fb6129245?pvs=21)
Llama Continua,Una llama que no necesita combustible ni oxígeno; arde fiel hasta que tú lo decidas.,"M, S, V",Hasta ser disipado,"Destino, Energía","polvo de rubí, 50 PO — consumible",1º círculo,Contacto,No,1 acción,Intervalo de tiempo (https://app.notion.com/p/Intervalo-de-tiempo-15b82858a775800db5ebfb0fb6129245?pvs=21)
Alarma,Tejes un hilo invisible entre el umbral y tu mente; nadie cruzará sin que lo sepas.,"M, S, V",8 horas,"Cinético, Destino","Un cascabel de plata, 5 PO",1º círculo,4 casillas,Yes,10 minutos,Intervalo de tiempo (https://app.notion.com/p/Intervalo-de-tiempo-15b82858a775800db5ebfb0fb6129245?pvs=21)
Hablar con Animales,El lenguaje de las bestias no es misterio para ti; su sabiduría salvaje es tuya por un momento.,"S, V",10 minutos,Simbiosis,,1º círculo,Personal,Yes,10 minutos,Intervalo de tiempo (https://app.notion.com/p/Intervalo-de-tiempo-15b82858a775800db5ebfb0fb6129245?pvs=21)
Caída de Pluma,"La gravedad negocia contigo; las que caerían mueren, caen como hojas de otoño.","M, V",1 minuto,"Cinético, Cénit",Una pluma de cualquier ave,1º círculo,12 casillas,Yes,1 reacción,Intervalo de tiempo (https://app.notion.com/p/Intervalo-de-tiempo-15b82858a775800db5ebfb0fb6129245?pvs=21)
Disfraz Ilusorio,Tu apariencia no es más que sugestión; el mundo ve lo que tú quieres que vean.,"S, V",8 horas,Espejismo,,1º círculo,Personal,Yes,1 acción,Intervalo de tiempo (https://app.notion.com/p/Intervalo-de-tiempo-15b82858a775800db5ebfb0fb6129245?pvs=21)
Escudo,Una barrera de fuerza pura te protege de lo que no puedes ver venir; el conjuro vela por ti.,"S, V",Hasta el inicio de tu próximo turno,"Cinético, Restauración",,1º círculo,Personal,No,1 reacción,Intervalo de tiempo (https://app.notion.com/p/Intervalo-de-tiempo-15b82858a775800db5ebfb0fb6129245?pvs=21)
Heroísmo,La valentía no es ausencia de miedo; es magia que te recuerda que debes seguir de pie.,"S, V","Concentración, hasta 1 minuto",Restauración,,1º círculo,Contacto,No,1 acción,Concentración (https://app.notion.com/p/Concentraci-n-ae225ac34e8d45eaa1895be889d50718?pvs=21)
Duelo Obligado,Tu mirada se fija en el enemigo y la magia refuerza la amenaza implícita: es a mí a quien atacas.,V,"Concentración, hasta 1 minuto","Destino, Mente",,1º círculo,6 casillas,No,1 acción bono,Concentración (https://app.notion.com/p/Concentraci-n-ae225ac34e8d45eaa1895be889d50718?pvs=21)
Vínculo de Sacrificio,"Vinculas tu vida a la de otro; su dolor pasa a ti, su supervivencia es tu prioridad.","M, S, V","Concentración, hasta 1 hora","Restauración, Ruina","Un hilo rojo que se ata entre ambas muñecas ",1º círculo,Contacto,No,1 acción,Concentración (https://app.notion.com/p/Concentraci-n-ae225ac34e8d45eaa1895be889d50718?pvs=21)
Invocar Cobertura,Lanzas un muro de fuerza o piedra que protege al vulnerable y da tiempo al débil.,"S, V","Concentración, hasta 1 minuto","Cinético, Cénit",,1º círculo,8 casillas,No,1 acción bono,Concentración (https://app.notion.com/p/Concentraci-n-ae225ac34e8d45eaa1895be889d50718?pvs=21)
Marca del Guardián,"Señalas al peligroso y te conviertes en su sombra; donde él golpee, tú golpeas más fuerte.",V,"Concentración, hasta 1 hora",Destino,,1º círculo,6 casillas,No,1 acción bono,Concentración (https://app.notion.com/p/Concentraci-n-ae225ac34e8d45eaa1895be889d50718?pvs=21)
Aura Protectora,Una luz tenue emana de ti y cobija a los cercanos; los golpes que los encontrarían rebotan.,"S, V","Concentración, hasta 10 minutos","Destino, Restauración",,1º círculo,Personal (radio 2 casillas),No,1 acción,Concentración (https://app.notion.com/p/Concentraci-n-ae225ac34e8d45eaa1895be889d50718?pvs=21)
Agrandar/Reducir,"Desafías la escala natural; lo pequeño se vuelve temible, lo grande se vuelve manejable.","M, S, V","Concentración, hasta 1 minuto","Catálisis, Cinético",Un pellizco de polvo de hierro,1º círculo,6 casillas,No,1 acción,Concentración (https://app.notion.com/p/Concentraci-n-ae225ac34e8d45eaa1895be889d50718?pvs=21)
Provocar,"Tu voz, tu presencia, tu desafío; el enemigo olvida a los demás y solo te ve a ti.",V,"Concentración, hasta 1 minuto","Destino, Mente",,1º círculo,8 casillas,No,1 acción bono,Concentración (https://app.notion.com/p/Concentraci-n-ae225ac34e8d45eaa1895be889d50718?pvs=21)
Sanación Menor,Canalizas la esencia de la vida a través de tus manos; las heridas se cierran ante tu voluntad.,"S, V",Instantáneo,Restauración,,1º círculo,Contacto,No,1 acción,Instantáneo (https://app.notion.com/p/Instant-neo-fd7b6c1ffff0428884c14c221d445309?pvs=21)
Palabra de Curación,Una sílaba de vida pronunciada en el momento correcto puede hacer la diferencia entre existir y no.,V,Instantáneo,"Mente, Restauración",,1º círculo,12 casillas,No,1 acción bono,Instantáneo (https://app.notion.com/p/Instant-neo-fd7b6c1ffff0428884c14c221d445309?pvs=21)
Abrir / Cerrar,Tu voluntad reemplaza la llave; las puertas obedecen y los cerrojos recuerdan que eres tú.,"M, S, V",Instantáneo,"Cinético, Realidad",Un eslabón roto de cota de malla,1º círculo,6 casillas,No,1 acción,Instantáneo (https://app.notion.com/p/Instant-neo-fd7b6c1ffff0428884c14c221d445309?pvs=21)
Fluidez Idiomática,Tu boca forma palabras que tu mente no conoce; los idiomas fluyen a través de ti como agua.,"M, V",1 hora,Mente,"Una pluma de ave migratoria ",1º círculo,Personal,No,1 acción,Intervalo de tiempo (https://app.notion.com/p/Intervalo-de-tiempo-15b82858a775800db5ebfb0fb6129245?pvs=21)
Inventario Consciente,Tu bolsa aprende; los objetos acuden a tu mano antes de que termines de pedirlos.,"M, S, V",24 horas,Cinético,Una etiqueta de tela con tus iniciales bordadas,1º círculo,Contacto,No,1 acción,Intervalo de tiempo (https://app.notion.com/p/Intervalo-de-tiempo-15b82858a775800db5ebfb0fb6129245?pvs=21)
Ceremonia,Pronuncias palabras antiguas con intención verdadera; el ritual mundano se vuelve permanente.,"M, S, V",Hasta ser disipado (o permanente según efecto),"Destino, Restauración","Incienso sagrado y polvo de plata, 25 PO — consumible",1º círculo,Contacto,No,1 hora,Intervalo de tiempo (https://app.notion.com/p/Intervalo-de-tiempo-15b82858a775800db5ebfb0fb6129245?pvs=21)
Ojo Arcano,"Un ojo invisible viaja donde tú no puedes; ves sin ser visto, escuchas sin estar presente.","M, S, V","Concentración, hasta 1 hora","Destino, Espejismo",Un pelo de tus pestañas,1º círculo,Personal (el ojo puede alejarse hasta 60 casillas),No,1 acción,Concentración (https://app.notion.com/p/Concentraci-n-ae225ac34e8d45eaa1895be889d50718?pvs=21)
Identificar,Tocas lo desconocido y lo desconocido te habla; sus secretos arcanos se revelan ante ti.,"M, S, V",Instantáneo,"Cinético, Destino","Una pluma de lechuza y un toque de vino de uva, 10 PO",1º círculo,Contacto,Yes,1 minuto,Instantáneo (https://app.notion.com/p/Instant-neo-fd7b6c1ffff0428884c14c221d445309?pvs=21)
Localizar Objeto,Cierras los ojos y el objeto tira de ti; la distancia es irrelevante ante tu certeza.,"M, S, V",Concentración,Destino,Una bifurcación de sauce,1º círculo,Personal (radio 200 casillas),No,1 acción,Concentración (https://app.notion.com/p/Concentraci-n-ae225ac34e8d45eaa1895be889d50718?pvs=21)
Mano Invisible,Una mano que nadie ve hace el trabajo que necesitas; la magia del hogar hecha conjuro.,"S, V","Concentración, hasta 1 hora","Cénit, Origen",,1º círculo,6 casillas,No,1 acción,Concentración (https://app.notion.com/p/Concentraci-n-ae225ac34e8d45eaa1895be889d50718?pvs=21)
Oscuridad / Luz,"Con una palabra, el mundo se oscurece o se ilumina; eres el árbitro de la visibilidad.","M, V","Concentración, hasta 10 minutos","Energía, Espejismo",Un trozo de betún o un fragmento de cuarzo luminiscente,1º círculo,12 casillas,No,1 acción,Concentración (https://app.notion.com/p/Concentraci-n-ae225ac34e8d45eaa1895be889d50718?pvs=21)
Imagen Menor,"Creas lo que no existe; el ojo lo ve, el oído lo cree, la mente duda demasiado tarde.","M, S, V","Concentración, hasta 10 minutos",Espejismo,Un trozo de vellón de oveja,1º círculo,12 casillas,No,1 acción,Concentración (https://app.notion.com/p/Concentraci-n-ae225ac34e8d45eaa1895be889d50718?pvs=21)
Encontrar Montura,"Un espíritu de pura lealtad toma forma bestial, vinculándose a ti con una devoción sobrenatural.","M, S, V",Hasta ser descartada,Origen,"Una brida de cuero trenzado con hilo de plata, 10 PO",2º círculo,6 casillas,No,10 minutos,Intervalo de tiempo (https://app.notion.com/p/Intervalo-de-tiempo-15b82858a775800db5ebfb0fb6129245?pvs=21)
Rastrear Huella,Las marcas invisibles del paso reciente brillan ante tus ojos como sendas de luz dorada.,"M, S, V","Concentración, hasta 1 hora","Destino, Simbiosis",Un mechón de pelo o pluma de animal,2º círculo,Personal (radio 12 casillas),No,1 acción,Concentración (https://app.notion.com/p/Concentraci-n-ae225ac34e8d45eaa1895be889d50718?pvs=21)
Localizar Criatura,"Un hilo invisible une tu pecho al ser buscado, tirando suavemente hacia él desde la distancia.","M, S, V","Concentración, hasta 1 hora","Destino, Mente","Un pelo, escama o pluma de la criatura buscada",2º círculo,Personal (radio 20 casillas),No,1 acción,Concentración (https://app.notion.com/p/Concentraci-n-ae225ac34e8d45eaa1895be889d50718?pvs=21)
Detectar Pensamientos,"Los pensamientos ajenos se filtran como susurros bajo el agua, claros si te acercas lo suficiente.","M, S, V","Concentración, hasta 1 minuto",Mente,Un cobre de cualquier moneda sostenido entre los dedos,2º círculo,Personal (radio 12 casillas),No,1 acción,Concentración (https://app.notion.com/p/Concentraci-n-ae225ac34e8d45eaa1895be889d50718?pvs=21)
Ojo de Vigilancia,"Un ojo de luz etérea flota en el aire, silencioso e incansable, registrando todo cuanto ve.","M, S, V","Concentración, hasta 1 hora","Destino, Espejismo",Un trozo de vidrio pulido,2º círculo," 12 casillas",No,1 acción,Concentración (https://app.notion.com/p/Concentraci-n-ae225ac34e8d45eaa1895be889d50718?pvs=21)
Detectar Trampa,"La magia recorre el espacio como dedos invisibles, tropezando con cada trampa oculta.","S, V",Instantáneo,"Cinético, Destino",,2º círculo,"Personal (radio 12 casillas, solo lo que puedas ver)",No,1 acción,Instantáneo (https://app.notion.com/p/Instant-neo-fd7b6c1ffff0428884c14c221d445309?pvs=21)
Escucha del Viento,"El viento transporta voces distantes hasta tus oídos, susurrando secretos que el aire ha guardado.","M, S, V","Concentración, hasta 10 minutos","Destino, Espejismo",Una caracola marina vacía,2º círculo,Personal (radio 60 casillas),No,1 acción,Concentración (https://app.notion.com/p/Concentraci-n-ae225ac34e8d45eaa1895be889d50718?pvs=21)
Señal del Vínculo,"Un hilo invisible une a dos seres, vibrando suavemente cuando el corazón del otro late con urgencia.","M, S, V",24 horas,"Destino, Origen",Dos trozos del mismo hilo rojo,2º círculo,Toque,No,1 acción,Intervalo de tiempo (https://app.notion.com/p/Intervalo-de-tiempo-15b82858a775800db5ebfb0fb6129245?pvs=21)
Mapa Vivo,"El pergamino cobra vida y dibuja el mundo a tu alrededor, revelando caminos que los ojos no ven.","M, S, V",8 horas,"Destino, Espejismo",Carboncillo y un trozo de pergamino,2º círculo," Personal (radio 100 casillas)",No,1 minuto,Intervalo de tiempo (https://app.notion.com/p/Intervalo-de-tiempo-15b82858a775800db5ebfb0fb6129245?pvs=21)
Gotas del Tintero,"Cuatro manchas de tinta viviente saltan al aire, buscan ojos y estallan en ceguera oscura.","M, S, V",Instantáneo,"Catálisis, Espejismo",Un frasco de tinta negra,2º círculo,12 casillas,No,1 acción,Instantáneo (https://app.notion.com/p/Instant-neo-fd7b6c1ffff0428884c14c221d445309?pvs=21)
Calabazas Burlonas,"Cuatro cabezas de calabaza risueñas revolotean, cuchichean horrores y estallan en carcajadas silenciadoras.","M, S, V",Instantáneo,"Mente, Simbiosis",Una semilla de calabaza tallada con una sonrisa,2º círculo,10 casillas,No,1 acción,Instantáneo (https://app.notion.com/p/Instant-neo-fd7b6c1ffff0428884c14c221d445309?pvs=21)
Mariposa de Papel,Cuatro mariposas de papel desplegadas vuelan hacia sus destinatarios portando efímeras bendiciones sanadoras.,"M, S, V",Instantáneo,Restauración,Cuatro cuadrados de papel doblado,2º círculo,12 casillas,No,1 acción,Instantáneo (https://app.notion.com/p/Instant-neo-fd7b6c1ffff0428884c14c221d445309?pvs=21)
Pájaros del Mal Augurio,Cuatro cuervos de ceniza agitan alas de presagio y estallan sobre sus víctimas en maldición oscura.,"M, S, V",Instantáneo,Ruina,Una pluma negra de cuervo,2º círculo,12 casillas,No,1 acción,Instantáneo (https://app.notion.com/p/Instant-neo-fd7b6c1ffff0428884c14c221d445309?pvs=21)
Ratones del Relojero,Cuatro ratones de engranajes y resortes corren frenéticos y explotan trabando mecanismos y tendones.,"M, S, V",Instantáneo,"Cinético, Origen",Un engranaje diminuto de cobre,2º círculo,12 casillas,No,1 acción,Instantáneo (https://app.notion.com/p/Instant-neo-fd7b6c1ffff0428884c14c221d445309?pvs=21)
Luciérnagas del Recuerdo,Cuatro luciérnagas doradas penetran en los ojos y susurran recuerdos ajenos hasta aturdir la mente.,"M, S, V",Instantáneo,Mente,Polvo de ámbar,2º círculo,12 casillas,No,1 acción,Instantáneo (https://app.notion.com/p/Instant-neo-fd7b6c1ffff0428884c14c221d445309?pvs=21)
Avispas de Ácido,Cuatro avispas de cristal líquido zumban y estallan en salpicaduras de ácido corrosivo sobre la armadura.,"M, S, V",Instantáneo,"Catálisis, Ruina",Una gota de vinagre,2º círculo," 12 casillas",No,1 acción,Instantáneo (https://app.notion.com/p/Instant-neo-fd7b6c1ffff0428884c14c221d445309?pvs=21)
Peces de Hielo,Cuatro pececillos de escarcha nadan por el aire y estallan en lluvias de cristales helados paralizantes.,"M, S, V",Instantáneo,"Catálisis, Energía","Una astilla de hielo, consumida",2º círculo,12 casillas,No,1 acción,Instantáneo (https://app.notion.com/p/Instant-neo-fd7b6c1ffff0428884c14c221d445309?pvs=21)
Farolillos de la Fiebre,"Cuatro faroles de luz enfermiza flotan, irradian calor putrefacto y estallan en vapores febriles agotadores.","M, S, V",Instantáneo,"Mente, Ruina",Una mecha quemada,2º círculo,12 casillas,No,1 acción,Instantáneo (https://app.notion.com/p/Instant-neo-fd7b6c1ffff0428884c14c221d445309?pvs=21)
Serpientes de Relámpago,Cuatro serpientes de luz eléctrica se retuercen por el aire y estallan en descargas que paralizan músculos.,"M, S, V",Instantáneo,Energía,Un cable de cobre de 1 pulgada,2º círculo,12 casillas,No,1 acción,Instantáneo (https://app.notion.com/p/Instant-neo-fd7b6c1ffff0428884c14c221d445309?pvs=21)
Glifo Petrificador,"Trazas espirales de piedra que esperan, pacientes como la roca misma, el paso del incauto.","M, S, V",Hasta activarse o hasta 30 días,Cénit,"Polvo de piedra caliza y un grafito de mineral, 15 PO",2º círculo,Toque,Yes,10 minutos,Intervalo de tiempo (https://app.notion.com/p/Intervalo-de-tiempo-15b82858a775800db5ebfb0fb6129245?pvs=21)
Glifo Sanador,"Runas de luz dorada aguardan dormidas, listas para despertar en abrazo curador al primer aliado herido.","M, S, V",Hasta activarse o hasta 30 días,Restauración,"Hierbas medicinales y miel, 10 PO",2º círculo,Toque,Yes,10 minutos,Intervalo de tiempo (https://app.notion.com/p/Intervalo-de-tiempo-15b82858a775800db5ebfb0fb6129245?pvs=21)
Glifo Energético,"Trazas signos de fuego, trueno o relámpago que aguardan el momento de estallar en violencia elemental.","M, S, V",Hasta activarse o hasta 30 días,"Cinético, Energía","Carbón, azufre o un imán, según el tipo",2º círculo,Toque,Yes,10 minutos,Intervalo de tiempo (https://app.notion.com/p/Intervalo-de-tiempo-15b82858a775800db5ebfb0fb6129245?pvs=21)
Glifo de Suerte,Runas de destino tejidas con fortuna aguardan para inclinar la balanza en el momento más decisivo.,"M, S, V",Hasta activarse o hasta 30 días,Destino,"Una moneda de oro lanzada al aire durante el ritual, 1 PO",2º círculo,"Toque ",Yes,10 minutos,Intervalo de tiempo (https://app.notion.com/p/Intervalo-de-tiempo-15b82858a775800db5ebfb0fb6129245?pvs=21)
Glifo Silenciador,Trazas runas del silencio que esperan la voz incauta para ahogarla en un vacío de sonido absoluto.,"M, S, V"," Hasta activarse o hasta 30 días","Destino, Espejismo, Mente",Cera de vela negra,2º círculo,Toque,Yes,10 minutos,Intervalo de tiempo (https://app.notion.com/p/Intervalo-de-tiempo-15b82858a775800db5ebfb0fb6129245?pvs=21)
Glifo Debilitador,"Runas de marchitamiento se ocultan en el umbral, esperando robar la fuerza vital del incauto.","M, S, V",Hasta activarse o hasta 30 días,Ruina,"Polvo de hueso y sal gorda, 10 PO, consumidos",2º círculo,"Toque ",Yes,10 minutos,Intervalo de tiempo (https://app.notion.com/p/Intervalo-de-tiempo-15b82858a775800db5ebfb0fb6129245?pvs=21)
Glifo Encadenador,"Runas de tierra y metal aguardan bajo el polvo, listas para brotar en cadenas de energía sólida.","M, S, V",Hasta activarse o hasta 30 días,"Cénit, Origen","Limaduras de hierro y resina, 15 PO, consumidos",2º círculo,Toque,Yes,10 minutos,Intervalo de tiempo (https://app.notion.com/p/Intervalo-de-tiempo-15b82858a775800db5ebfb0fb6129245?pvs=21)
Glifo de Revelación,"Runas que rompen ilusiones aguardan silenciosas, listas para arrancar máscaras y velar verdades ocultas.","M, S, V",Hasta activarse o hasta 30 días,"Espejismo, Mente","Arena de plata y un espejo roto, 20 PO, consumidos",2º círculo,"Toque ",Yes,10 minutos,Intervalo de tiempo (https://app.notion.com/p/Intervalo-de-tiempo-15b82858a775800db5ebfb0fb6129245?pvs=21)
Glifo de Veneno,"Runas de veneno reptante se ocultan en el borde del vaso o en el umbral del paso, aguardando.","M, S, V",Hasta activarse o hasta 30 días,"Catálisis, Ruina","Bilis de sapo y baya de tejo, 10 PO, consumidos",2º círculo,"Toque ",Yes,10 minutos,Intervalo de tiempo (https://app.notion.com/p/Intervalo-de-tiempo-15b82858a775800db5ebfb0fb6129245?pvs=21)
Glifo de Vigor,"Runas doradas de vigor duermen en el suelo del campamento, esperando al guerrero que más las necesite.","M, S, V",Hasta activarse o hasta 30 días,"Cinético, Restauración",Hojas de laurel y una piedra de río,2º círculo,"Toque ",Yes,10 minutos,Intervalo de tiempo (https://app.notion.com/p/Intervalo-de-tiempo-15b82858a775800db5ebfb0fb6129245?pvs=21)
Invocar Cieno,"Una masa gelatinosa y hambrienta emerge del suelo, obedeciendo con babosa devoción.","M, S, V","Concentración, hasta 1 hora","Catálisis, Origen, Ruina","Limo de pantano y un cristal roto, 10 PO, consumidos",2º círculo,6 casillas,No,1 acción,Concentración (https://app.notion.com/p/Concentraci-n-ae225ac34e8d45eaa1895be889d50718?pvs=21)
Aliento Cromático,Exhalas una ráfaga de energía pura que tiñe el aire del color de la esfera invocada.,"S, V",Instantáneo,"Catálisis, Cinético, Cénit, Destino, Energía, Espejismo, Mente, Origen, Realidad, Restauración, Ruina, Simbiosis",,2º círculo,Cono de 6 casillas,No,1 acción,Instantáneo (https://app.notion.com/p/Instant-neo-fd7b6c1ffff0428884c14c221d445309?pvs=21)
Lluvia de Brasas Azules,El cielo escupe carbones de un azul frío y antinatural que arden en la mente tanto como en la piel.,"M, S, V","Instantáneo ","Energía, Mente",Una pizca de azufre azulado,2º círculo,"Cilindro de radio 4 casillas, altura 4 casillas",No,1 acción,Instantáneo (https://app.notion.com/p/Instant-neo-fd7b6c1ffff0428884c14c221d445309?pvs=21)
Pétalos Somnolientos,"Pétalos rosados y perfumados caen como nieve, susurrando sueños a quienes los inhalan.","M, S, V","Instantáneo ","Espejismo, Simbiosis",Pétalos de amapola seca,2º círculo,Esfera de radio 5 casillas,No,1 acción,Instantáneo (https://app.notion.com/p/Instant-neo-fd7b6c1ffff0428884c14c221d445309?pvs=21)
Marea de Pensamientos,"Una ola invisible de ruido mental ajeno golpea todas las mentes del área, desorientando con recuerdos extraños.","S, V","Instantáneo ","Mente, Realidad",,2º círculo,Cubo de 6×6 casillas,No,1 acción,Instantáneo (https://app.notion.com/p/Instant-neo-fd7b6c1ffff0428884c14c221d445309?pvs=21)
Lluvia de Polen,"Una nube de esporas brillantes y nauseabundas desciende, infectando pulmones y llenando los ojos de lágrimas.","M, S, V","Instantáneo ","Catálisis, Simbiosis",Un diente de león,2º círculo,"Cilindro de radio 5 casillas, altura 3 casillas",No,1 acción,Instantáneo (https://app.notion.com/p/Instant-neo-fd7b6c1ffff0428884c14c221d445309?pvs=21)
Flecha cromática,"Un proyectil de energía pura surca el aire silbando con el poder de la esfera convocada.
","M, S, V",Instantáneo,"Catálisis, Cinético, Cénit, Destino, Energía, Espejismo, Mente, Origen, Realidad, Restauración, Ruina","Una punta de flecha del material correspondiente a la esfera, 1 PO",2º círculo,24 casillas,No,1 acción,Instantáneo (https://app.notion.com/p/Instant-neo-fd7b6c1ffff0428884c14c221d445309?pvs=21)
Escudo cromático,"Tu cuerpo se envuelve en una aura palpitante del color de la esfera convocada, lista para devorar el golpe.","S, V",1 ronda,"Catálisis, Cinético, Cénit, Destino, Energía, Espejismo, Mente, Origen, Realidad, Restauración, Ruina",,2º círculo,Personal,No,1 reacción,Intervalo de tiempo (https://app.notion.com/p/Intervalo-de-tiempo-15b82858a775800db5ebfb0fb6129245?pvs=21)
Vendaval de Cenizas,"Un vendaval de cenizas ardientes roba la visión y quema la piel, dejando el mundo en un gris abrasador.","M, S, V","Instantáneo ","Energía, Espejismo",Una pizca de ceniza,2º círculo,Cono de 8 casillas,No,1 acción,Instantáneo (https://app.notion.com/p/Instant-neo-fd7b6c1ffff0428884c14c221d445309?pvs=21)
Niebla Sanguínea,Una bruma roja y cálida envuelve el área emanando el olor ferroso de la sangre derramada.,"M, S, V","Instantáneo ","Espejismo, Ruina",Una gota de sangre,2º círculo,Esfera de radio 4 casillas,No,1 acción,Instantáneo (https://app.notion.com/p/Instant-neo-fd7b6c1ffff0428884c14c221d445309?pvs=21)
Granizo de Cristal,El cielo suelta cristales afilados como agujas que dejan las piernas entumecidas y los reflejos rotos.,"M, S, V",Instantáneo,"Catálisis, Cénit","Una esquirla de cuarzo,",2º círculo,"Cilindro de radio 4 casillas, altura 6 casillas",No,1 acción,Instantáneo (https://app.notion.com/p/Instant-neo-fd7b6c1ffff0428884c14c221d445309?pvs=21)
Enjambre de Chispas,"Miles de chispas eléctricas bailan frenéticas en el área, aferradas a armaduras y músculos por igual.","S, V","Instantáneo ","Cinético, Energía",,2º círculo,Esfera de radio 5 casillas,No,1 acción,Instantáneo (https://app.notion.com/p/Instant-neo-fd7b6c1ffff0428884c14c221d445309?pvs=21)
Lluvia Helada,El aire se congela de golpe y una lluvia de aguanieve mágica hace tiritar hasta los huesos más curtidos.,"M, S, V","Instantáneo ","Catálisis, Energía",Una astilla de hielo,2º círculo,"Cilindro de radio 5 casillas, altura 3 casillas",No,1 acción,Instantáneo (https://app.notion.com/p/Instant-neo-fd7b6c1ffff0428884c14c221d445309?pvs=21)
Velo de Sombras Somnámbulas,"Figuras de sombra bailan al borde de la visión, susurrando nombres, sembrando terror en los corazones débiles.
","M, S, V","Instantáneo ","Espejismo, Mente",Un trozo de paño negro,2º círculo,Cubo de 5×5 casillas,No,1 acción,Instantáneo (https://app.notion.com/p/Instant-neo-fd7b6c1ffff0428884c14c221d445309?pvs=21)
Látigo de Agua,"Un flagelo de agua pura surge de tu mano, obediente y veloz, arrastrando a los enemigos lejos de ti.","S, V","Concentración, hasta 1 minuto",Catálisis,,2º círculo,10 casillas,No,1 acción,Concentración (https://app.notion.com/p/Concentraci-n-ae225ac34e8d45eaa1895be889d50718?pvs=21)
Piso Quebradizo,"El suelo cruje, se quiebra y se convierte en trampa de gravilla traicionera bajo los pasos del enemigo.","M, S, V","Concentración, hasta 1 minuto",Cénit,Arena y un trozo de pizarra,2º círculo,Cuadrado de 4×4 casillas,No,1 minuto,Concentración (https://app.notion.com/p/Concentraci-n-ae225ac34e8d45eaa1895be889d50718?pvs=21)
Espejismo de Huida,Te desvaneces en una imagen falsa y reapareces donde el enemigo no esperaba encontrarte.,V,Instantáneo,"Espejismo, Realidad",,2º círculo,Personal,No,1 acción bono,Instantáneo (https://app.notion.com/p/Instant-neo-fd7b6c1ffff0428884c14c221d445309?pvs=21)
Portal Corto,"Dos marcos de luz se abren momentáneamente en el espacio, creando un pasaje efímero donde no debería existir.","S, V",Hasta el inicio de tu próximo turno,"Destino, Realidad",,2º círculo,12 casillas,No,1 acción bono,Intervalo de tiempo (https://app.notion.com/p/Intervalo-de-tiempo-15b82858a775800db5ebfb0fb6129245?pvs=21)
Muro de Viento,"Una pared de aire comprimido ruge entre tú y el enemigo, desviando flechas y empujando cuerpos.","M, S, V","Concentración, hasta 1 minuto","Cinético, Energía",Una pluma,2º círculo,16 casillas,No,1 acción,Concentración (https://app.notion.com/p/Concentraci-n-ae225ac34e8d45eaa1895be889d50718?pvs=21)
Cadenas de Luz,Rayos de luz solidificada se enrollan alrededor de las extremidades del objetivo con un zumbido luminoso.,"S, V","Concentración, hasta 1 minuto","Cénit, Espejismo",,2º círculo,12 casillas,No,1 acción,Concentración (https://app.notion.com/p/Concentraci-n-ae225ac34e8d45eaa1895be889d50718?pvs=21)
Trampa Cinética,"Un pulso invisible de fuerza pura intercepta el movimiento ajeno, haciéndolo pagar un precio por acercarse.","S, V",Instantáneo,"Cinético, Destino",,2º círculo,8 casillas,No,1 reacción,Instantáneo (https://app.notion.com/p/Instant-neo-fd7b6c1ffff0428884c14c221d445309?pvs=21)
Zanja de Barro,El suelo se abre en una grieta fangosa que succiona las botas y atrapa los pasos más decididos.,"M, S, V","Concentración, hasta 10 minutos","Catálisis, Cénit",Un poco de tierra mojada,2º círculo,"Línea de 6 casillas × 1 casilla de ancho, profundidad 1 casilla",No,1 acción,Concentración (https://app.notion.com/p/Concentraci-n-ae225ac34e8d45eaa1895be889d50718?pvs=21)
Raíces Veloces,"Raíces del tamaño de una muñeca brotan del suelo en un instante, buscando tobillos con inteligencia vegetal.","S, V","Concentración, hasta 1 minuto",Simbiosis,,2º círculo,12 casillas,No,1 acción bono,Concentración (https://app.notion.com/p/Concentraci-n-ae225ac34e8d45eaa1895be889d50718?pvs=21)
Zona de Verdad,El aire vibra con una tensión honesta que hace al embustero sentir los dientes apretados y las palabras pesadas.,"S, V",10 minutos,"Destino, Mente",,2º círculo,Esfera de radio 3 casillas centrada en un punto,No,1 acción,Intervalo de tiempo (https://app.notion.com/p/Intervalo-de-tiempo-15b82858a775800db5ebfb0fb6129245?pvs=21)
Pasar sin Dejar Rastro,,,,"Espejismo, Simbiosis",,2º círculo,,No,1 acción,
Refugio de la cuerda,La cuerda se eleva sola y abre un bolsillo entre planos donde el tiempo descansa más despacio.,"M, S, V",8 horas,"Origen, Realidad","Una cuerda de seda de 10 pies, 5 PO",2º círculo,Toque,No,1 acción,Intervalo de tiempo (https://app.notion.com/p/Intervalo-de-tiempo-15b82858a775800db5ebfb0fb6129245?pvs=21)
Fuerza Fantasmal,"Una fuerza invisible obedece tus instrucciones mentales, capaz de levantar, empujar o mantener objetos en su lugar.","M, S, V","Concentración, hasta 1 hora","Cinético, Origen",Un trozo de hilo de araña,2º círculo,6 casillas,No,1 acción,Concentración (https://app.notion.com/p/Concentraci-n-ae225ac34e8d45eaa1895be889d50718?pvs=21)
Cuerpo de Muelles,"Tus piernas y brazos se comprimen y liberan con violencia elástica, propulsándote a velocidades imposibles.","S, V","Concentración, hasta 1 minuto","Cinético, Cénit",,2º círculo,Personal,No,1 acción bono,Concentración (https://app.notion.com/p/Concentraci-n-ae225ac34e8d45eaa1895be889d50718?pvs=21)
Cuerpo Divisible,"Tu cuerpo se separa en piezas autónomas, cada segmento actuando con su propio propósito feroz.","S, V","Concentración, hasta 1 minuto","Origen, Realidad",,2º círculo,Personal,No,1 acción,Concentración (https://app.notion.com/p/Concentraci-n-ae225ac34e8d45eaa1895be889d50718?pvs=21)
Generación de Burbujas,"Tu piel exhala burbujas iridiscentes que flotan con propósitos arcanos, capturando enemigos y protegiendo aliados.","S, V","Concentración, hasta 1 minuto","Catálisis, Origen",,2º círculo,Personal (emisión en radio de 6 casillas),No,1 acción,Concentración (https://app.notion.com/p/Concentraci-n-ae225ac34e8d45eaa1895be889d50718?pvs=21)
Cuerpo de Caja,"Tu cuerpo se convierte en un contenedor extradimensional de bordes imposibles, guardando lo que no debería caber.","S, V","Concentración, hasta 1 minuto","Origen, Realidad",,2º círculo,Personal,No,1 acción,Concentración (https://app.notion.com/p/Concentraci-n-ae225ac34e8d45eaa1895be889d50718?pvs=21)
Dominio de la Puerta,"Con un gesto trazas una puerta en el aire o en la pared y esta obedece, abriéndose donde no existía antes.","M, S, V","Concentración, hasta 1 minuto","Espejismo, Realidad",Una llave de hierro oxidado,2º círculo,12 casillas,No,1 acción,Concentración (https://app.notion.com/p/Concentraci-n-ae225ac34e8d45eaa1895be889d50718?pvs=21)
Cuerpo Atenuado,"Tu cuerpo se vuelve parcialmente etéreo, los golpes te atraviesan parcialmente y tus pasos no hacen ruido.","S, V","Concentración, hasta 1 minuto","Espejismo, Realidad",,2º círculo,Personal,No,1 acción bono,Concentración (https://app.notion.com/p/Concentraci-n-ae225ac34e8d45eaa1895be889d50718?pvs=21)
Cuerpo de Vidrio,Tu piel adopta un brillo vítreo y tu cuerpo fragmenta la luz mientras los cristales brotan de tus puños.,"S, V","Concentración, hasta 1 minuto","Catálisis, Cénit",,2º círculo,Personal (emisión de fragmentos en radio 4 casillas),No,1 acción,Concentración (https://app.notion.com/p/Concentraci-n-ae225ac34e8d45eaa1895be889d50718?pvs=21)
Estandarte Viviente,De tu espalda surgen tiras de tela arcana que ondulan con mensajes de fuerza o terror según tu voluntad.,"S, V","Concentración, hasta 1 minuto","Destino, Mente",,2º círculo,Personal (aura de 6 casillas),No,1 acción bono,Concentración (https://app.notion.com/p/Concentraci-n-ae225ac34e8d45eaa1895be889d50718?pvs=21)
Generación de Llaves,"De tu palma emerge una llave perfecta que abre lo que deba abrirse, incluidas cosas que no tienen cerradura visible.","S, V"," 1 hora","Destino, Origen",,2º círculo,Toque,No,1 acción,Intervalo de tiempo (https://app.notion.com/p/Intervalo-de-tiempo-15b82858a775800db5ebfb0fb6129245?pvs=21)
Aura Perfumada,"Una fragancia sobrenatural emana de tu cuerpo, alterando los estados de ánimo de quienes la inhalan sin saberlo.","S, V","Concentración, hasta 1 minuto","Catálisis, Simbiosis",,2º círculo,Personal (aura de 4 casillas),No,1 acción bono,Concentración (https://app.notion.com/p/Concentraci-n-ae225ac34e8d45eaa1895be889d50718?pvs=21)
Llamada del Abismo,Algo que vive en la oscuridad sin nombre responde tu llamada con una presencia que oprime el pecho.,"M, S, V","Concentración, hasta 1 hora","Origen, Ruina","Tinta de calamar y un anzuelo de hueso, 5 PO",2º círculo,Personal (radio 12 casillas),Yes,1 acción,Concentración (https://app.notion.com/p/Concentraci-n-ae225ac34e8d45eaa1895be889d50718?pvs=21)
Sentido del Murciélago,El mundo se vuelve un mapa de ecos y vibraciones que revelan lo que los ojos jamás podrían ver.,"M, S, V"," 8 horas","Espejismo, Simbiosis",Una membrana de ala de murciélago,2º círculo,Personal (radio 12 casillas),Yes,1 acción,Intervalo de tiempo (https://app.notion.com/p/Intervalo-de-tiempo-15b82858a775800db5ebfb0fb6129245?pvs=21)
Tinta del Kraken,Un chorro negro y viscoso llena el agua o el aire con la oscuridad secreta de los abismos oceánicos.,"M, S, V",10 minutos,"Catálisis, Ruina","Tinta de pulpo, 5 PO, consumidos",2º círculo,10 casillas (área: cubo de 5×5×5 casillas),Yes,1 acción,Intervalo de tiempo (https://app.notion.com/p/Intervalo-de-tiempo-15b82858a775800db5ebfb0fb6129245?pvs=21)
Piel de Criatura Abisal,Tu piel adquiere las propiedades de las criaturas de las profundidade,"M, S, V",8 horas,"Ruina, Simbiosis"," Escamas de criatura abisal y barro de cueva, 15 PO",2º círculo,Personal,Yes,1 acción,Intervalo de tiempo (https://app.notion.com/p/Intervalo-de-tiempo-15b82858a775800db5ebfb0fb6129245?pvs=21)
Forma de la Criatura de las Grietas,"Tu cuerpo cruje y se retuerce hasta volverse algo que solo existe en los pasajes donde la luz murió hace siglos.
","M, S, V","Concentración, hasta 1 hora","Catálisis, Simbiosis","Quitina de insecto de cueva y musgo luminiscente, 20 PO, consumidos",2º círculo,"Personal ",No,1 acción,Concentración (https://app.notion.com/p/Concentraci-n-ae225ac34e8d45eaa1895be889d50718?pvs=21)
Maldición del fondo,"La maldición cae como fango del fondo oceánico: lenta, pegajosa e imposible de sacudir con simple voluntad.","M, S, V"," Concentración, hasta 1 hora","Destino, Ruina","Un trozo de coral negro, 10 PO, consumidos",2º círculo,12 casillas,No,1 acción,Concentración (https://app.notion.com/p/Concentraci-n-ae225ac34e8d45eaa1895be889d50718?pvs=21)
Bendición de la Lluvia,"El cielo abre sus dedos y deja caer agua que sabe a vida, empapando la tierra con benevolencia pluvial.","M, S, V",1 hora,"Energía, Restauración",Agua de lluvia recogida y semillas de trigo,2º círculo,"Personal (área: cilindro de radio 20 casillas, altura 10 casillas)",Yes,1 acción,Intervalo de tiempo (https://app.notion.com/p/Intervalo-de-tiempo-15b82858a775800db5ebfb0fb6129245?pvs=21)
Ojo de la Tormenta,"La tormenta gira alrededor de ti pero tú permaneces quieto en el centro, sereno en el caos que governas.","M, S, V","Concentración, hasta 10 minutos","Destino, Energía","Agua de lluvia y un trozo de nube atrapada en cristal, 25 PO",2º círculo,"Personal (radio de 40 casillas, ""ojo"" de 4 casillas alrededor del lanzador)",Yes,1 acción,Concentración (https://app.notion.com/p/Concentraci-n-ae225ac34e8d45eaa1895be889d50718?pvs=21)
Plumas del Fénix,La pluma de fuego se disuelve en la piel del objetivo dejando una última promesa ardiente de vida robada a la muerte.,"M, S, V",24 horas,"Energía, Restauración","Una pluma de fénix o de pájaro de fuego, 50 PO, consumidos",2º círculo,Toque,Yes,1 acción,Intervalo de tiempo (https://app.notion.com/p/Intervalo-de-tiempo-15b82858a775800db5ebfb0fb6129245?pvs=21)
Bola de Fuego,Una esfera de llamas ruge hacia el punto designado y lo convierte en un infierno voraz.,"M, S, V",Instantánea,Energía,Una bolita de guano de murciélago y azufre,3º círculo,"24 casillas, radio de explosión 4 casillas",No,1 acción,Instantáneo (https://app.notion.com/p/Instant-neo-fd7b6c1ffff0428884c14c221d445309?pvs=21)
Carne Gris,La piel del objetivo palidece hasta el gris ceniza mientras su carne se vuelve frágil como arcilla seca.,"M, S, V","Concentración, hasta 1 minuto","Catálisis, Ruina",Un trozo de carne putrefacta,3º círculo,12 casillas,No,1 acción,Concentración (https://app.notion.com/p/Concentraci-n-ae225ac34e8d45eaa1895be889d50718?pvs=21)
Implosión Gravitatoria,El espacio se dobla hacia adentro con un gemido sordo y aplasta todo lo que encierra.,"M, S, V",Instantánea,"Cinético, Cénit",Un fragmento de magnetita triturada,3º círculo,"20 casillas, radio de efecto 3 casillas ",No,1 acción,Instantáneo (https://app.notion.com/p/Instant-neo-fd7b6c1ffff0428884c14c221d445309?pvs=21)
Jardín Carnívoro,"Raíces y zarcillos emergen con hambre antigua, buscando calor, sangre y carne viva.","M, S, V","Concentración, hasta 1 minuto",Simbiosis,"Una semilla negra empapada en sangre, valor 5 PO, consumible",3º círculo,"18 casillas, radio 4 casillas sobre suelo",No,1 acción,Concentración (https://app.notion.com/p/Concentraci-n-ae225ac34e8d45eaa1895be889d50718?pvs=21)
Lanza Relámpago,Un rayo de luz cegadora rasga el aire como una jabalina divina de tormenta pura.,"M, S, V",Instantánea,Energía,Una varilla de cobre o hierro,3º círculo,"Línea de 16 casillas de largo, 1 casilla de ancho",No,1 acción,Instantáneo (https://app.notion.com/p/Instant-neo-fd7b6c1ffff0428884c14c221d445309?pvs=21)
Sepulcro de Hielo,"El frío eterno de las cimas inalcanzables se concentra y convierte la carne en estatua translúcida.
","M, S, V","Concentración, hasta 1 minuto","Catálisis, Energía","Un copo de nieve conservado en ámbar, 10 PO",3º círculo,"10 casillas ",No,1 acción,Concentración (https://app.notion.com/p/Concentraci-n-ae225ac34e8d45eaa1895be889d50718?pvs=21)
" Lluvia de Ácido","Nubes biliosas vomitan un aguacero corrosivo que disuelve armadura, carne y esperanza.","M, S, V","Concentración, hasta 1 minuto",Catálisis,"Un frasco de ácido, consumible",3º círculo,"20 casillas, área cilíndrica de radio 4 casillas y altura 4 casillas",No,1 acción,Concentración (https://app.notion.com/p/Concentraci-n-ae225ac34e8d45eaa1895be889d50718?pvs=21)
Torbellino de Huesos,"Fragmentos de esqueletos rotos giran en remolino mortal, convirtiendo los restos en cuchillas.","M, S, V","Concentración, hasta 1 minuto",Ruina,Un puñado de huesos triturados,3º círculo,"12 casillas, radio 3 casillas ",No,1 acción,Concentración (https://app.notion.com/p/Concentraci-n-ae225ac34e8d45eaa1895be889d50718?pvs=21)
Enjambre de Plagas,Una nube viva de insectos devoradores brama como tormenta oscura y se lanza hambrienta.,"M, S, V","Concentración, hasta 10 minutos",Simbiosis,"Un escarabajo muerto, 5 PO",3º círculo,"18 casillas, área cilíndrica radio 3 casillas, altura 3 casillas",No,1 acción,Concentración (https://app.notion.com/p/Concentraci-n-ae225ac34e8d45eaa1895be889d50718?pvs=21)
Corte de Conjuro,"Un filo invisible de pura negación se desliza entre el lanzador y su hechizo, y lo secciona limpiamente.","S, V",Instantánea,"Cinético, Destino",,3º círculo,12 casillas,No,1 reacción,Instantáneo (https://app.notion.com/p/Instant-neo-fd7b6c1ffff0428884c14c221d445309?pvs=21)
Devorar Conjuro,"La magia del enemigo es absorbida por un vacío ávido, convertida en mera energía bruta que alimenta al devorador.","M, S, V",Instantánea,"Destino, Ruina","Un cristal vacío sellado, 50 PO",3º círculo,Tú mismo,No,1 reacción,Instantáneo (https://app.notion.com/p/Instant-neo-fd7b6c1ffff0428884c14c221d445309?pvs=21)
Zona Antimagia,"Un silencio absoluto se asienta sobre el área: aquí la magia no respira, no arde, no existe.","M, S, V","Concentración, hasta 1 minuto","Destino, Realidad","Un fragmento de piedra antimagica, 200 PO",3º círculo,"Tú mismo (radio 3 casillas, 15 pies)",No,1 acción,Concentración (https://app.notion.com/p/Concentraci-n-ae225ac34e8d45eaa1895be889d50718?pvs=21)
Devolver Conjuro,"Lo que fue lanzado vuelve, retorcido, con el mismo filo pero apuntando hacia su origen.","M, S, V",Instantánea,"Destino, Espejismo","Un espejo pequeño de plata, 25 PO",3º círculo,Tú mismo,No,1 reacción,Instantáneo (https://app.notion.com/p/Instant-neo-fd7b6c1ffff0428884c14c221d445309?pvs=21)
Reescribir el Destino,"El hilo del tiempo se estira, los dedos del destino lo atrapan y lo atan a una nueva dirección.","M, S, V",Instantánea,"Destino, Realidad","Un hilo de oro trenzado, 30 PO, consumible",3º círculo,12 casillas,No,1 reacción,Instantáneo (https://app.notion.com/p/Instant-neo-fd7b6c1ffff0428884c14c221d445309?pvs=21)
" Hoja Prismática","Una hoja de energía pura cristaliza en el aire, cambia de color según su naturaleza y decapita el mundo.","S, V",Instantánea,"Catálisis, Cinético, Cénit, Energía, Espejismo, Mente, Ruina, Simbiosis",,3º círculo,Personal,No,1 acción,Instantáneo (https://app.notion.com/p/Instant-neo-fd7b6c1ffff0428884c14c221d445309?pvs=21)
Disipación Prismática,El efecto mágico objetivo se desgrana en colores imposibles y se deshace como niebla de mañana.,"M, S, V",Instantánea,"Catálisis, Cinético, Cénit, Destino, Energía, Espejismo, Mente, Ruina","Un prisma de cristal tallado, 15 PO",3º círculo,12 casillas,No,1 acción,Instantáneo (https://app.notion.com/p/Instant-neo-fd7b6c1ffff0428884c14c221d445309?pvs=21)
Precipitación Prismática,El cielo se abre en colores violentos y desde las nubes desciende una tormenta de materia pura y hostil.,"M, S, V","Concentración, hasta 1 minuto","Catálisis, Cinético, Cénit, Energía, Espejismo, Mente, Ruina, Simbiosis","Una gema del color asociado a la esfera elegida, 20 PO, consumible",3º círculo,"24 casillas, área cilíndrica de radio 4 casillas y altura 6 casillas",No,1 acción,Concentración (https://app.notion.com/p/Concentraci-n-ae225ac34e8d45eaa1895be889d50718?pvs=21)
Conjurar Bombardeo,El arma desaparece en un destello y regresa multiplicada en una lluvia de impactos furiosos.,"M, S, V","Concentración, hasta 1 minuto","Cinético, Origen","Un fragmento de cuarzo y pólvora de hueso, 5 PO, consumible",3º círculo,Toque (arma portada por una criatura voluntaria en 2 casillas),No,1 acción,Concentración (https://app.notion.com/p/Concentraci-n-ae225ac34e8d45eaa1895be889d50718?pvs=21)
Tajo Separador,"El filo del arma se extiende más allá del acero, cortando el aire mismo con un chirriido antinatural.","M, S, V","Concentración, hasta 10 minutos","Cinético, Cénit",Un hilo de seda cortado,3º círculo,"Toque ",No,1 acción bono,Concentración (https://app.notion.com/p/Concentraci-n-ae225ac34e8d45eaa1895be889d50718?pvs=21)
Arma que Retorna,"El arma arrojada traza un arco imposible en el aire, guiada por una voluntad que no es la de la física.","M, S, V","Concentración, hasta 1 hora","Cinético, Destino",Un arma arrojadiza y un imán,3º círculo,"Toque ",No,1 acción bono,Concentración (https://app.notion.com/p/Concentraci-n-ae225ac34e8d45eaa1895be889d50718?pvs=21)
Golpe Encadenado,El impacto del arma libera un arco eléctrico que salta de cuerpo en cuerpo como rumor de tormenta.,"M, S, V","Concentración, hasta 1 minuto","Cinético, Energía",Una varilla de cobre y un arma portada,3º círculo,"Toque ",No,1 acción bono,Concentración (https://app.notion.com/p/Concentraci-n-ae225ac34e8d45eaa1895be889d50718?pvs=21)
Filo Sombrío,"El arma bebe la luz de su entorno y golpea desde la sombra, donde no debería alcanzar.","M, S, V","Concentración, hasta 10 minutos","Espejismo, Ruina",Un fragmento de carbón bendecido y un arma portada,3º círculo,Toque,No,1 acción bono,Concentración (https://app.notion.com/p/Concentraci-n-ae225ac34e8d45eaa1895be889d50718?pvs=21)
Arma Vorpal,"El filo del arma trasciende su propia forma y corta donde el destino lo ordena, no donde la física lo permite.","M, S, V","Concentración, hasta 1 minuto","Cinético, Destino","Un pelo de unicornio y un arma cortante portada, 100 PO, consumible",3º círculo,Toque,No,1 acción bono,Concentración (https://app.notion.com/p/Concentraci-n-ae225ac34e8d45eaa1895be889d50718?pvs=21)
Arma Gravitatoria,"El arma dobla el espacio que la rodea: lo que golpea no puede alejarse, y lo que está lejos se acerca sin querer.","M, S, V","Concentración, hasta 10 minutos","Cinético, Cénit","Un fragmento de meteorito, 50 PO",3º círculo,Toque (arma portada),No,1 acción bono,Concentración (https://app.notion.com/p/Concentraci-n-ae225ac34e8d45eaa1895be889d50718?pvs=21)
Imbuición Sagrada,La divinidad desciende al acero como luz que elige dónde arde y dónde sana.,"S, V","Concentración, hasta 10 minutos","Destino, Restauración",,3º círculo,Toque (arma portada por el lanzador o un aliado voluntario en 2 casillas),No,1 acción bono,Concentración (https://app.notion.com/p/Concentraci-n-ae225ac34e8d45eaa1895be889d50718?pvs=21)
Círculo de Sal,La sal purifica el suelo y levanta una barrera invisible que recuerda a lo impuro que no es bienvenido.,"M, S, V",8 horas,"Destino, Restauración","1 libra de sal pura, 1 PO, consumible",3º círculo,"Tú mismo (radio 4 casillas, 20 pies)",Yes,10 minutos,Intervalo de tiempo (https://app.notion.com/p/Intervalo-de-tiempo-15b82858a775800db5ebfb0fb6129245?pvs=21)
Santuario de Raíces,"La tierra misma se vuelve madre: sus raíces abrazan a los elegidos y rechazan a quienes vendrían a hacerles daño.

","M, S, V",8 horas,"Restauración, Simbiosis","Semillas de plantas medicinales y un cuenco de agua, 10 PO, consumible",3º círculo,"Tú mismo (radio 5 casillas, 25 pies) centrado en un árbol, planta grande o suelo de tierra)",Yes,10 minutos,Intervalo de tiempo (https://app.notion.com/p/Intervalo-de-tiempo-15b82858a775800db5ebfb0fb6129245?pvs=21)
Niebla Guardiana,"Una niebla espesa y sabia cubre a los elegidos: los esconde, los protege, los abraza.","M, S, V",8 horas,"Catálisis, Espejismo","Agua de manantial y polvo de cuarzo ahumado, 8 PO, consumible",3º círculo,"Tú mismo (radio 6 casillas, 30 pies)",Yes,10 minutos,Intervalo de tiempo (https://app.notion.com/p/Intervalo-de-tiempo-15b82858a775800db5ebfb0fb6129245?pvs=21)
Fortaleza de Piedra Efímera,De la tierra emergen muros y techos que saben distinguir entre los que protegen y los que asedian.,"M, S, V",8 horas,"Cénit, Origen","Un trozo de arcilla o piedra y un dibujo de los planos de la estructura, 15 PO, consumible",3º círculo,4 casillas del lanzador (área de construcción de hasta 5×5 casillas),Yes,1 minuto,Intervalo de tiempo (https://app.notion.com/p/Intervalo-de-tiempo-15b82858a775800db5ebfb0fb6129245?pvs=21)
Velo de Amparo,"Una bendición invisible desciende sobre el lugar: los golpes que debían encontrar carne se desvían como si el destino los rechazara.

","M, S, V",8 horas,"Destino, Espejismo","Hilo de plata trenzado y cera de vela consagrada, 20 PO, consumible",3º círculo,"Tú mismo (radio 4 casillas, 20 pies)",Yes,10 minutos,Intervalo de tiempo (https://app.notion.com/p/Intervalo-de-tiempo-15b82858a775800db5ebfb0fb6129245?pvs=21)
Refugio Lunar,La luz de la luna convierte el espacio en algo entre sueño y santuario: un lugar donde el cuerpo recuerda cómo sanarse.,"M, S, V",8 horas,"Espejismo, Restauración","Agua de luna llena en un cuenco de plata, 30 PO, no consumible",3º círculo,"Tú mismo (radio 5 casillas, 25 pies)",Yes,10 minutos,Intervalo de tiempo (https://app.notion.com/p/Intervalo-de-tiempo-15b82858a775800db5ebfb0fb6129245?pvs=21)
Muro de Brasas Vigilantes,Las llamas que no queman a los tuyos arden para todo lo demás: fuego que discrimina y recuerda.,"M, S, V",8 horas,"Destino, Energía","Madera de árbol caído y aceite de oliva, 5 PO, consumible",3º círculo,"Puedes crear un muro de hasta 8 casillas de largo, 2 casillas de alto y 1 casilla de ancho en cualquier configuración continua dentro de 6 casillas del lanzador",Yes,10 minutos,Intervalo de tiempo (https://app.notion.com/p/Intervalo-de-tiempo-15b82858a775800db5ebfb0fb6129245?pvs=21)
Muralla de Marea,"El agua forma un muro viviente que empuja, ahoga y separa, obedeciendo solo a quien la invocó.","M, S, V",8 horas,Catálisis,Un odre de agua de río o mar,3º círculo,"Hasta 6 casillas del lanzador (muro de hasta 8 casillas de largo, 3 casillas de alto, 1 casilla de ancho)",Yes,10 minutos,Intervalo de tiempo (https://app.notion.com/p/Intervalo-de-tiempo-15b82858a775800db5ebfb0fb6129245?pvs=21)
Marea de Miel,"Miel dorada e irresistible brota del suelo o del aire, espesa, dulce y absolutamente inconveniente.","M, S, V","Concentración, hasta 10 minutos","Catálisis, Simbiosis","Un panal de cera, 5 PO, consumible",3º círculo,"16 casillas, área de hasta 4×4 casillas sobre suelo",No,1 acción,Concentración (https://app.notion.com/p/Concentraci-n-ae225ac34e8d45eaa1895be889d50718?pvs=21)
Prisión de Caramelo,"El caramelo emerge como jaula traicionera, dulce por dentro y duro como el hierro por fuera.","M, S, V","Concentración, hasta 1 minuto","Cinético, Cénit",Azúcar moreno y una gota de zumo de limón,3º círculo,12 casillas,No,1 acción,Concentración (https://app.notion.com/p/Concentraci-n-ae225ac34e8d45eaa1895be889d50718?pvs=21)
Suelo de Mantequilla,"Una capa resbaladiza de mantequilla convierte el suelo en una pesadilla lúbrica de caídas y vergüenzas.

","M, S, V","Concentración, hasta 10 minutos","Catálisis, Cinético",Un trozo de mantequilla o grasa animal,3º círculo,"16 casillas, área de 4×4 casillas sobre suelo",No,1 acción,Concentración (https://app.notion.com/p/Concentraci-n-ae225ac34e8d45eaa1895be889d50718?pvs=21)
Muro de Galletas,Bloques de galleta dorada emergen del suelo como una muralla crujiente que huele a hogar y dificulta el avance.,"M, S, V","Concentración, hasta 10 minutos","Cénit, Origen","Harina, mantequilla y azúcar",3º círculo,"10 casillas, muro de hasta 6 casillas de largo, 2 de alto, 1 de ancho",No,1 acción,Concentración (https://app.notion.com/p/Concentraci-n-ae225ac34e8d45eaa1895be889d50718?pvs=21)
Trampa de Caramelo Duro,"Esferas de caramelo transparente caen inocentemente al suelo, tan bellas como una trampa bien puesta.","M, S, V",1 hora,"Catálisis, Destino",Azúcar y colorante natural,3º círculo,16 casillas dispersas en área de 4×4 casillas,No,1 acción,Intervalo de tiempo (https://app.notion.com/p/Intervalo-de-tiempo-15b82858a775800db5ebfb0fb6129245?pvs=21)
Reanimar,"La muerte se inclina ante tu voluntad y lo que yacía quieto se levanta, obediente y hambriento.","M, S, V",24 horas (renovable),"Origen, Ruina","Un fragmento de hueso negro y tierra de cementerio, 25 PO, consumible",3º círculo,"6 casillas ",Yes,1 minuto,Intervalo de tiempo (https://app.notion.com/p/Intervalo-de-tiempo-15b82858a775800db5ebfb0fb6129245?pvs=21)
Maldición del Ojo Hambriento,"Una pupila invisible se abre en la nuca del maldito y nunca, jamás, deja de observar.","M, S, V",Hasta ser disipada,"Mente, Ruina","Un ojo de animal conservado en sal, 15 PO, consumible",3º círculo,2 casillas,Yes,10 minutos,Intervalo de tiempo (https://app.notion.com/p/Intervalo-de-tiempo-15b82858a775800db5ebfb0fb6129245?pvs=21)
"Maldición de la Herida Abierta ",Cada corte que recibe se niega a cerrar; su cuerpo ha olvidado cómo sanarse a sí mismo.,"M, S, V",Hasta ser disipada,"Catálisis, Ruina",Una aguja oxidada y hilo de cabello del objetivo,3º círculo,2 casillas,Yes,1 acción,Intervalo de tiempo (https://app.notion.com/p/Intervalo-de-tiempo-15b82858a775800db5ebfb0fb6129245?pvs=21)
"Maldición del Fuego Interior ","Un ascua vive en su pecho: pequeña ahora, pero hambrienta, y el miedo la alimenta bien.","M, S, V",Hasta ser disipada,Energía,"Ceniza de madera quemada mezclada con la saliva del objetivo, 10 PO, consumible",3º círculo,2 casillas,Yes,10 minutos,Intervalo de tiempo (https://app.notion.com/p/Intervalo-de-tiempo-15b82858a775800db5ebfb0fb6129245?pvs=21)
"Maldición del Reflejo Monstruoso ","Los espejos le devuelven algo distinto: más viejo, más roto, más muerto.

","M, S, V",Hasta ser disipada,"Espejismo, Mente","Un trozo de espejo negro y sangre del objetivo, 20 PO, consumible",3º círculo,2 casillas,Yes,10 minutos,Intervalo de tiempo (https://app.notion.com/p/Intervalo-de-tiempo-15b82858a775800db5ebfb0fb6129245?pvs=21)
Maldición del Traidor Involuntario,Sus manos harán lo que su mente rechaza; la traición no necesita querer para ocurrir.,"M, S, V",Hasta ser disipada,"Destino, Mente","Un cordel anudado de seda negra, 30 PO, consumible",3º círculo,6 casillas,No,1 acción,Intervalo de tiempo (https://app.notion.com/p/Intervalo-de-tiempo-15b82858a775800db5ebfb0fb6129245?pvs=21)
Maldición de la Sombra Hambrienta,"Su sombra ha aprendido a tener voluntad propia, y lo que quiere no le desea bien.","M, S, V",Hasta ser disipada,Espejismo,Un trozo de tela negra y polvo de carbón,3º círculo,6 casillas,No,1 acción,Intervalo de tiempo (https://app.notion.com/p/Intervalo-de-tiempo-15b82858a775800db5ebfb0fb6129245?pvs=21)
Maldición del Sueño Eterno,El sueño lo llama en cada silencio; tarde o temprano lo llamará desde el que no regresa.,"M, S, V",Hasta ser disipada,"Mente, Ruina","Pétalos de adormidera y arena de playa de noche de luna nueva, 15 PO, consumible",3º círculo,2 casillas,Yes,10 minutos,Intervalo de tiempo (https://app.notion.com/p/Intervalo-de-tiempo-15b82858a775800db5ebfb0fb6129245?pvs=21)
"Maldición del Nombre Robado ","Pronunciar su nombre en voz alta duele; escucharlo de labios ajenos, aterroriza.","M, S, V",Hasta ser disipada,"Destino, Mente","Un pergamino con el nombre verdadero del objetivo escrito y una gota de su sangre, 25 PO, consumible",3º círculo,2 casillas,Yes,10 minutos,Intervalo de tiempo (https://app.notion.com/p/Intervalo-de-tiempo-15b82858a775800db5ebfb0fb6129245?pvs=21)
Maldición de la Compasión Envenenada,"Cada vez que cuida a otro, una parte de él mismo se derrama en el suelo y no regresa.","M, S, V",Hasta ser disipada,"Restauración, Ruina","Una vela de cera negra derretida sobre una flor blanca, 10 PO, consumible",3º círculo,2 casillas,No,10 minutos,Intervalo de tiempo (https://app.notion.com/p/Intervalo-de-tiempo-15b82858a775800db5ebfb0fb6129245?pvs=21)
Maldición del Guerrero Maldito,Cada golpe que da se vuelve contra él: su fuerza es su condena más elegante.,"M, S, V",Hasta ser disipada,"Cinético, Ruina","Un fragmento del arma del objetivo o serrín de hierro, 10 PO, consumible",3º círculo,6 casillas,No,1 acción,Intervalo de tiempo (https://app.notion.com/p/Intervalo-de-tiempo-15b82858a775800db5ebfb0fb6129245?pvs=21)
Maldición de la Oscuridad Personal,"La luz no lo abandona: él abandona la luz. Cada vez más, y sin querer.","M, S, V",Hasta ser disipada,Espejismo,"Polvo de carbón mezclado con cera negra, 5 PO, consumible",3º círculo,"2 casillas ",Yes,10 minutos,Intervalo de tiempo (https://app.notion.com/p/Intervalo-de-tiempo-15b82858a775800db5ebfb0fb6129245?pvs=21)
Maldición del Hambre Sin Fondo,"Come y come pero el vacío crece; hay un agujero en su alma que tiene la forma de todo lo que perdió.

","M, S, V",Hasta ser disipada,Catálisis,Un hueso de animal roído hasta la médula,3º círculo,6 casillas,No,1 acción,Intervalo de tiempo (https://app.notion.com/p/Intervalo-de-tiempo-15b82858a775800db5ebfb0fb6129245?pvs=21)
Maldición de las Palabras Venenosas,Cada promesa que hace se pudre en el aire; cada mentira se vuelve verdad y le duele.,"M, S, V",Hasta ser disipada,Mente,"Cera de sello negra y una pluma de cuervo, 10 PO, consumible",3º círculo,2 casillas,Yes,10 minutos,Intervalo de tiempo (https://app.notion.com/p/Intervalo-de-tiempo-15b82858a775800db5ebfb0fb6129245?pvs=21)
Maldición del Corazón Expuesto,"Lo que ama se vuelve su debilidad; cada lazo es un filo que apunta hacia adentro.

","M, S, V",Hasta ser disipada,Destino,"Un mechón de cabello de alguien a quien el objetivo ame, 50 PO, consumible",3º círculo,6 casillas,No,1 acción,Intervalo de tiempo (https://app.notion.com/p/Intervalo-de-tiempo-15b82858a775800db5ebfb0fb6129245?pvs=21)
Maldición de la Codicia Consumidora,"Las monedas que acumula pesan más cada día; lo que tiene ya no es suyo, sino al revés.","M, S, V",Hasta ser disipada,Mente,Una moneda de oro mordida y un grano de sal,3º círculo,2 casillas,Yes,10 minutos,Intervalo de tiempo (https://app.notion.com/p/Intervalo-de-tiempo-15b82858a775800db5ebfb0fb6129245?pvs=21)
Maldición del Toque Marchito,Lo que toca se muere un poco; lo que ama se marchita más rápido que el resto.,"M, S, V",Hasta ser disipada,"Ruina, Simbiosis","Hojas secas pulverizadas y tierra de un cementerio antiguo, 8 PO, consumible",3º círculo,2 casillas,Yes,10 minutos,Intervalo de tiempo (https://app.notion.com/p/Intervalo-de-tiempo-15b82858a775800db5ebfb0fb6129245?pvs=21)
Invocar Ser Feérico,"De entre los velos del Feywild surge algo que parece una flor, hasta que sonríe.","M, S, V","Concentración, hasta 1 hora","Espejismo, Origen","Una flor silvestre, una gota de miel y una moneda de plata lanzada al suelo, 5 PO, consumible",3º círculo,"6 casillas ",No,1 acción,Concentración (https://app.notion.com/p/Concentraci-n-ae225ac34e8d45eaa1895be889d50718?pvs=21)
Invocar Demonio Menor,El olor a azufre llega primero; lo que viene después siempre es peor de lo que se esperaba.,"M, S, V","Concentración, hasta 1 hora","Origen, Ruina","Sangre del lanzador [1 PG de daño] y polvo de azufre, 5 PO, consumible",3º círculo,6 casillas,No,1 acción,Concentración (https://app.notion.com/p/Concentraci-n-ae225ac34e8d45eaa1895be889d50718?pvs=21)
Invocar Sombra,"No tiene forma propia; toma la tuya, y la tuya se parece cada vez más a la suya.","M, S, V","Concentración, hasta 1 hora","Espejismo, Origen, Ruina","Un trozo de seda negra quemada en oscuridad absoluta, 15 PO, consumible",3º círculo,"6 casillas ",No,1 acción,Concentración (https://app.notion.com/p/Concentraci-n-ae225ac34e8d45eaa1895be889d50718?pvs=21)
Polimorfar en Bestia,La carne se retuerce y los huesos crujen mientras la forma humana se deshace en algo más antiguo.,"M, S, V"," Concentración, hasta 1 hora","Catálisis, Simbiosis","Un pelo, pluma o escama de la bestia objetivo",4º círculo,6 casillas,No,1 acción,Concentración (https://app.notion.com/p/Concentraci-n-ae225ac34e8d45eaa1895be889d50718?pvs=21)
Seguidor Feral,"La bestia se yergue, sus rasgos se ablandan, y en sus ojos brilla una chispa de razón prestada.","M, S, V","Concentración, hasta 1 hora","Catálisis, Simbiosis","Una moneda de plata grabada con un rostro humanoide,",4º círculo," 6 casillas",No,1 acción,Concentración (https://app.notion.com/p/Concentraci-n-ae225ac34e8d45eaa1895be889d50718?pvs=21)
Rosa Letárgica,Del aire brota una rosa de luz carmesí; su perfume arrulla la mente con sueños dulces y letales.,"M, S, V","Concentración, hasta 1 minuto","Mente, Simbiosis","Un pétalo de rosa preservado con miel feérica, consumido",4º círculo,"12 casillas ",Yes,1 acción,Concentración (https://app.notion.com/p/Concentraci-n-ae225ac34e8d45eaa1895be889d50718?pvs=21)
Carruaje de Calabaza,"De la nada surge el carruaje dorado: ruedas de luna, caballos de niebla, y un cochero de hojas marchitas.
","M, S, V",8 horas,"Destino, Espejismo","Una calabaza de al menos 5 kg y polvo de estrella por valor de 50 PO, consumidos",4º círculo,Personal (el carruaje aparece a 2 casillas del lanzador),Yes,10 minutos,Intervalo de tiempo (https://app.notion.com/p/Intervalo-de-tiempo-15b82858a775800db5ebfb0fb6129245?pvs=21)
Vestido Maravilloso,Las telas imposibles caen sobre los hombros del portador como agua de plata; nadie podrá apartar la mirada.,"M, S, V",24 horas,"Destino, Espejismo","Hilo de seda plateada y una aguja de plata, 50 p",4º círculo,Toque,Yes,1 acción,Intervalo de tiempo (https://app.notion.com/p/Intervalo-de-tiempo-15b82858a775800db5ebfb0fb6129245?pvs=21)
Espejo de Cuento,"El espejo no refleja lo que es, sino lo que el corazón más teme o más desea ver.","M, S, V","Concentración, hasta 1 hora","Espejismo, Mente",Un espejo de plata de al menos 25 po,4º círculo,2 casillas,Yes,1 acción,Concentración (https://app.notion.com/p/Concentraci-n-ae225ac34e8d45eaa1895be889d50718?pvs=21)
Manos de Hielo,Los brazos se vuelven cristal de invierno; el frío emana de las palmas como un viento que petrifica el alma.,"S, V"," Concentración, hasta 1 minuto","Catálisis, Energía",,4º círculo,Personal,No,1 acción,Concentración (https://app.notion.com/p/Concentraci-n-ae225ac34e8d45eaa1895be889d50718?pvs=21)
"Puños de Carbón ",Los brazos se ennegrecen y humean; cada golpe deja marcas de hollín y calor abrasador que no se borran fácilmente.,"S, V","Concentración, hasta 1 minuto","Cénit, Energía",,4º círculo,Personal,No,1 acción,Concentración (https://app.notion.com/p/Concentraci-n-ae225ac34e8d45eaa1895be889d50718?pvs=21)
Brazos de Sal,Los brazos se deshacen en una tormenta de cristales blancos que corroen todo lo que tocan con desesperante eficiencia.,"M, S, V","Concentración, hasta 1 minuto","Catálisis, Ruina",Un puñado de sal gruesa; se consume,4º círculo,"Personal ",No,1 acción,
Forma de Obsidiana,La piel se cristaliza en láminas negras y afiladas como cuchillos; moverse junto al lanzador es como rozar un arma viva.,"S, V","Concentración, hasta 1 minuto","Cinético, Cénit",,4º círculo,Personal,No,1 acción,Concentración (https://app.notion.com/p/Concentraci-n-ae225ac34e8d45eaa1895be889d50718?pvs=21)
Puños de Mármol,Los brazos se solidifican en mármol macizo; cada golpe resuena como un martillo de cantera en la carne del enemigo.,"S, V","Concentración, hasta 1 minuto","Cinético, Cénit",,4º círculo,Personal,No,1 acción,Concentración (https://app.notion.com/p/Concentraci-n-ae225ac34e8d45eaa1895be889d50718?pvs=21)
Extremidades de Madera,Los brazos se alargan en raíces y ramas vivas; la naturaleza misma extiende su alcance a través del lanzador.,"M, S, V","Concentración, hasta 1 minuto","Cénit, Simbiosis",Una ramita de árbol centenari,4º círculo,"Personal ",No,1 acción,Concentración (https://app.notion.com/p/Concentraci-n-ae225ac34e8d45eaa1895be889d50718?pvs=21)
Brazos de Hierro,El hierro fluye sobre los brazos como mercurio y se solidifica en armadura viva; el lanzador se vuelve una fortaleza que camina.,"S, V","Concentración, hasta 1 minuto","Cinético, Cénit",,4º círculo,Personal,No,1 acción,Concentración (https://app.notion.com/p/Concentraci-n-ae225ac34e8d45eaa1895be889d50718?pvs=21)
Dedos de Oro,Los dedos brillan como lingotes fundidos; todo lo que tocan queda marcado por la fortuna caprichosa del metal precioso.,"M, S, V","Concentración, hasta 1 minuto","Catálisis, Cénit, Destino",Una moneda de oro; se consume,4º círculo,"Personal ",No,1 acción,Concentración (https://app.notion.com/p/Concentraci-n-ae225ac34e8d45eaa1895be889d50718?pvs=21)
Canal de Oricalco,El oricalco fluye por las venas de los brazos como electricidad dorada; el lanzador se convierte en un conductor perfecto de lo imposible.,"M, S, V","Concentración, hasta 1 minuto","Cinético, Origen, Realidad","Una viruta de oricalco, 100 po; se consume",4º círculo,"Personal ",No,1 acción,Concentración (https://app.notion.com/p/Concentraci-n-ae225ac34e8d45eaa1895be889d50718?pvs=21)
Relámpago de Electrum,Los brazos se vuelven alambre y plasma; el calor y la electricidad danzan entre los dedos buscando el camino de menor resistencia.,"S, V","Concentración, hasta 1 minuto","Catálisis, Energía",,4º círculo,Personal,No,1 acción,Concentración (https://app.notion.com/p/Concentraci-n-ae225ac34e8d45eaa1895be889d50718?pvs=21)
Enjambre de Ánimas,Un millar de espíritus dolorosos llenan el aire con lamentos; su toque enfría la carne y consume la voluntad de vivir.,"M, S, V","Concentración, hasta 1 minuto","Mente, Ruina","Cenizas de un ser fallecido, 10 po; se consumen",4º círculo,"20 casillas, esfera de 6 casillas de radio",No,1 acción,Concentración (https://app.notion.com/p/Concentraci-n-ae225ac34e8d45eaa1895be889d50718?pvs=21)
Marea de Pesadillas,Imágenes de los mayores temores de cada criatura se materializan como espectros que atacan sin descanso.,"S, V","Concentración, hasta 1 minuto","Espejismo, Mente",,4º círculo,"16 casillas, esfera de 8 casillas de radio",No,1 acción,Concentración (https://app.notion.com/p/Concentraci-n-ae225ac34e8d45eaa1895be889d50718?pvs=21)
Procesión de los Condenados,"Figuras encadenadas de luz mortecina desfilan en círculo; sus cadenas invisibles atrapan el aliento y el movimiento de los vivos.
","M, S, V","Concentración, hasta 1 minuto","Origen, Ruina","Fragmento de hueso de no-muerto, 5 po; se consume",4º círculo,"20 casillas, cilindro de 4 casillas de radio y 6 de altura",No,1 acción,Concentración (https://app.notion.com/p/Concentraci-n-ae225ac34e8d45eaa1895be889d50718?pvs=21)
Lamento del Vacío,"Un sonido que no es sonido llena el área; los espíritus del vacío arañan la mente desde dentro, borrando pensamiento y valor.","S, V","Concentración, hasta 1 minuto","Mente, Ruina",,4º círculo,"12 casillas , esfera de 5 casillas de radio",No,1 acción,Concentración (https://app.notion.com/p/Concentraci-n-ae225ac34e8d45eaa1895be889d50718?pvs=21)
Tormenta de Almas Perdidas,"Las almas en tormento se precipitan como lluvia negra, rasgando carne y espíritu simultáneamente en una danza frenética.","M, S, V","Concentración, hasta 1 minuto","Energía, Ruina","Un cristal negro roto, 15 po; se consume",4º círculo,"20 casillas, esfera de 10 casillas de radio",No,1 acción,Concentración (https://app.notion.com/p/Concentraci-n-ae225ac34e8d45eaa1895be889d50718?pvs=21)
Coro de los Olvidados,Voces que ya no tienen cuerpo cantan nombres que nadie debería recordar; quien las oye pierde el sentido de quién es.,"S, V"," Concentración, hasta 1 minuto","Destino, Mente",,4º círculo,"16 casillas, esfera de 6 casillas de radio",No,1 acción,Concentración (https://app.notion.com/p/Concentraci-n-ae225ac34e8d45eaa1895be889d50718?pvs=21)
Círculo de los Guardianes Espectrales,Formas de luz y sombra que se asemejan a los perdidos te rodean; protegen con fiereza lo que no pudieron salvar en vida.,"M, S, V","Concentración, hasta 10 minutos","Destino, Origen",Una reliquia de un ser fallecido vinculado al lanzador,4º círculo,"Personal, radio 4 casillas",No,1 acción,Concentración (https://app.notion.com/p/Concentraci-n-ae225ac34e8d45eaa1895be889d50718?pvs=21)
Vendaval de Espíritus Hambrientos,"Una oleada de voraces espíritus no-saciados avanza como tifón de frío y desesperación, devorando la vitalidad a su paso.","S, V",Instantáneo,"Mente, Ruina",,4º círculo,"20 casillas, cono de 8 casillas",No,1 acción,Instantáneo (https://app.notion.com/p/Instant-neo-fd7b6c1ffff0428884c14c221d445309?pvs=21)
Vorágine de Espíritus Furiosos,"Un vórtice de guerreros caídos gira sin fin; sus armas fantasmales cortan a todos los que osan entrar en su furia eterna.
","M, S, V","Concentración, hasta 1 minuto","Cinético, Ruina","Tierra de un campo de batalla, 5 po; se consume",4º círculo," 16 casillas, cilindro de 6 casillas de radio y 10 de altura",No,1 acción,Concentración (https://app.notion.com/p/Concentraci-n-ae225ac34e8d45eaa1895be889d50718?pvs=21)
Juicio de los Ancestros,Los ancestros convocados no juzgan con misericordia; sus ojos vacíos pesan sobre los culpables y los inocentes por igual.,"M, S, V","Concentración, hasta 1 minuto","Destino, Mente, Ruina","Un pergamino con nombres de antepasados, 25 po; se consume",4º círculo,"20 casillas, esfera de 10 casillas de radio",No,1 acción,Concentración (https://app.notion.com/p/Concentraci-n-ae225ac34e8d45eaa1895be889d50718?pvs=21)
Invocar Aberración,"Desde un pliegue en la realidad emerge algo que no debería existir, con demasiados ojos y demasiadas bocas.","M, S, V","Concentración, hasta 1 hora","Mente, Origen","Un ojo de criatura extraplanar conservado en bilis, 50 po",4º círculo,12 casillas,No,1 acción,Concentración (https://app.notion.com/p/Concentraci-n-ae225ac34e8d45eaa1895be889d50718?pvs=21)
Invocar Dragón,Las escamas llaman a la sangre y del vacío responde una silueta alada que hace temblar el suelo al posarse.,"M, S, V","Concentración, hasta 1 hora","Energía, Origen","Una escama del tipo de dragón deseado, 100 po",4º círculo,12 casillas,No,1 acción,Concentración (https://app.notion.com/p/Concentraci-n-ae225ac34e8d45eaa1895be889d50718?pvs=21)
Invocar Gigante,"La tierra tiembla y una silueta colosal se materializa, tan alta que su cabeza roza las nubes bajas.","M, S, V","Concentración, hasta 1 hora","Cénit, Origen","Un puñado de tierra de la montaña o tundra de origen, 10 po",4º círculo,10 casillas,No,1 acción,Concentración (https://app.notion.com/p/Concentraci-n-ae225ac34e8d45eaa1895be889d50718?pvs=21)
Insecto Gigante,"Del suelo o el aire emergen criaturas de quitina y aguijón, obedientes a la mente que las llama.","M, S, V","Concentración, hasta 1 hora","Origen, Simbiosis","Un caparazón o muda de insecto grande, 5 po",4º círculo,10 casillas,No,1 acción,Concentración (https://app.notion.com/p/Concentraci-n-ae225ac34e8d45eaa1895be889d50718?pvs=21)
Piel de Piedra,La piel se endurece hasta volverse granito gris; los golpes que antes partirían huesos ahora apenas arañan la superficie.,"M, S, V","Concentración, hasta 1 hora","Cénit, Simbiosis","Un diamante en polvo, 100 po; se consume",4º círculo,Toque,No,1 acción,Concentración (https://app.notion.com/p/Concentraci-n-ae225ac34e8d45eaa1895be889d50718?pvs=21)
Velocidad de Mercurio,El cuerpo del beneficiario se vuelve borroso; sus movimientos son tan rápidos que la vista apenas puede seguirlos.,"M, S, V","Concentración, hasta 1 minuto","Cinético, Destino",Una pluma de halcón,4º círculo,Toque,No,1 acción,Concentración (https://app.notion.com/p/Concentraci-n-ae225ac34e8d45eaa1895be889d50718?pvs=21)
Aura de Devastación,Una corona de energía pura rodea al lanzador; todo lo que se acerca demasiado recibe su furia sin que este mueva un dedo.,"S, V","Concentración, hasta 1 minuto","Cinético, Energía",,4º círculo,"Personal, radio 2 casillas",No,1 acción,Concentración (https://app.notion.com/p/Concentraci-n-ae225ac34e8d45eaa1895be889d50718?pvs=21)
Escudo de Espíritus Vengativos,"Formas difusas y airadas orbitan al lanzador; cuando la carne es golpeada, los espíritus devuelven el agravio con intereses.
","M, S, V","Concentración, hasta 1 minuto","Destino, Ruina",Un mechón de cabello de un ser fallecido,4º círculo,Personal,No,1 acción,Concentración (https://app.notion.com/p/Concentraci-n-ae225ac34e8d45eaa1895be889d50718?pvs=21)
Forma de Tormenta,Relámpagos recorren la piel del lanzador; sus ojos se tornan blancos y el aire a su alrededor huele a ozono y tormenta inminente.,"S, V","Concentración, hasta 1 minuto","Energía, Simbiosis",,4º círculo,Personal,No,1 acción,Concentración (https://app.notion.com/p/Concentraci-n-ae225ac34e8d45eaa1895be889d50718?pvs=21)
Juramento de Sangre,El lanzador se lacera la palma; la sangre se convierte en cadenas invisibles que atan su destino al del enemigo elegido.,"M, S, V","Concentración, hasta 1 minuto","Destino, Ruina",Tu propia sangre; recibes 1d4 de daño perforante al lanzar,4º círculo,8 casillas,No,1 acción bono,Concentración (https://app.notion.com/p/Concentraci-n-ae225ac34e8d45eaa1895be889d50718?pvs=21)
Comunión con la Naturaleza,"El lanzador cierra los ojos y la tierra habla; los árboles murmuran secretos y los pájaros cantan lo que han visto.
","S, V",Instantáneo,"Destino, Simbiosis",,4º círculo," Personal (radio de efecto: 60 casillas)",Yes,1 acción,Instantáneo (https://app.notion.com/p/Instant-neo-fd7b6c1ffff0428884c14c221d445309?pvs=21)
"Fabricar ",Las manos del lanzador se mueven en el aire y la materia prima obedece; donde había piedra bruta ahora hay una llave perfecta.,"S, V",Instantáneo,"Catálisis, Origen",,4º círculo,"6 casillas ",No,1 acción,Instantáneo (https://app.notion.com/p/Instant-neo-fd7b6c1ffff0428884c14c221d445309?pvs=21)
Arcano Sellado,El lanzador traza un sigilo en el aire que queda impreso en el objeto; quien intente forzarlo sentirá el peso de la voluntad arcana.,"M, S, V"," Hasta ser disipado","Destino, Realidad","Polvo de diamante, 25 po; se consume",4º círculo,Toque,Yes,1 acción,Intervalo de tiempo (https://app.notion.com/p/Intervalo-de-tiempo-15b82858a775800db5ebfb0fb6129245?pvs=21)
Saco Extradimensional,La bolsa pesa lo mismo vacía que llena; el espacio que contiene es una mentira educada que la realidad acepta sin protestar.,"M, S, V",24 horas,"Origen, Realidad",Una bolsa de cuero curtido y un rubí de 50 po; el rubí se consume,4º círculo,Toque,Yes,1 acción,Intervalo de tiempo (https://app.notion.com/p/Intervalo-de-tiempo-15b82858a775800db5ebfb0fb6129245?pvs=21)
Palabra de Liberación,Una sola palabra resuena con el peso de lo que fue y lo que debería ser; las cadenas se rompen y los velos caen.,V,Instantáneo,"Destino, Restauración",,4º círculo,"8 casillas ",No,1 acción,Instantáneo (https://app.notion.com/p/Instant-neo-fd7b6c1ffff0428884c14c221d445309?pvs=21)
Zarpazo Mercurial,"Tus brazos fluyen como plata viva, imposibles de atrapar, mortales al tacto.","M, S, V"," Concentración, hasta 1 minuto","Catálisis, Cinético","Gota de mercurio vivo, 10 po",5º círculo,Personal,No,1 acción bono,Concentración (https://app.notion.com/p/Concentraci-n-ae225ac34e8d45eaa1895be889d50718?pvs=21)
Ciénaga de Carne ,Tu carne se vuelve ciénaga espesa; quienes te tocan se hunden sin escapatoria.,"M, S, V","Concentración, hasta 1 minuto","Catálisis, Simbiosis","Barro de pantano sagrado, 5 po; consumible",5º círculo,Personal,No,1 acción bono,Concentración (https://app.notion.com/p/Concentraci-n-ae225ac34e8d45eaa1895be889d50718?pvs=21)
Furia de la Tierra Fundida,Tu piel se agrieta en roca ardiente; dejas rastros de lava allá donde pisas.,"M, S, V","Concentración, hasta 1 minuto","Cénit, Energía","Trozo de obsidiana volcánica, 15 po",5º círculo,Personal,No,1 acción,Concentración (https://app.notion.com/p/Concentraci-n-ae225ac34e8d45eaa1895be889d50718?pvs=21)
Manto Venenoso,Tu sangre se vuelve tósigo destilado; cada caricia tuya es una sentencia de muerte.,"M, S, V","Concentración, hasta 1 minuto","Catálisis, Ruina","Frasco de veneno de basilisco, 50 po; consumible",5º círculo,Personal,No,1 acción,Concentración (https://app.notion.com/p/Concentraci-n-ae225ac34e8d45eaa1895be889d50718?pvs=21)
Manto Corrosivo,Tus manos disuelven la materia misma; el acero se derrite ante tu contacto.,"M, S, V","Concentración, hasta 1 minuto","Catálisis, Ruina","Ácido de golem de piedra, 25 po; consumible",5º círculo,Personal,No,1 acción bono,Concentración (https://app.notion.com/p/Concentraci-n-ae225ac34e8d45eaa1895be889d50718?pvs=21)
Savia negra,Tu cuerpo exuda aceite negro e inflamable; la llama te corona como a un dios.,"M, S, V","Concentración, hasta 1 minuto","Catálisis, Energía, Espejismo","Frasco de aceite de carbón negro, 5 po; consumible",5º círculo,Personal,No,1 acción bono,Concentración (https://app.notion.com/p/Concentraci-n-ae225ac34e8d45eaa1895be889d50718?pvs=21)
Esencia de Manantial,Tus manos se funden con el fluir eterno; sanas y arrasas con igual facilidad.,"M, S, V","Concentración, hasta 1 minuto","Catálisis, Restauración","Agua de manantial consagrada, 10 po; consumible",5º círculo,Personal,No,1 acción bono,Concentración (https://app.notion.com/p/Concentraci-n-ae225ac34e8d45eaa1895be889d50718?pvs=21)
Toque Hemopócimo,Tu sangre misma se convierte en elixir; dar tu vida sana a todos los que amas.,"M, S, V","Concentración, hasta 1 minuto","Catálisis, Restauración","Rubí pulverizado mezclado con sangre del lanzador, 100 po; consumible",5º círculo,"Personal ",No,1 acción bono,Concentración (https://app.notion.com/p/Concentraci-n-ae225ac34e8d45eaa1895be889d50718?pvs=21)
Abrazo Criogénico,Tus manos destilan el cero absoluto; lo que tocas deja de existir en calor.,"M, S, V","Concentración, hasta 1 minuto","Catálisis, Energía","Frasco de agua con hielo dentro, 75 po; consumible",5º círculo,Personal,No,1 acción bono,Concentración (https://app.notion.com/p/Concentraci-n-ae225ac34e8d45eaa1895be889d50718?pvs=21)
Voluntad hemática,"Tu propia sangre cobra voluntad; fluye, ataca y sana según tu deseo.","M, S, V","Concentración, hasta 1 minuto","Catálisis, Restauración, Ruina","Aguja de hueso y sello rúnico en la muñeca, 30 po",5º círculo,Personal (proyección hasta 4 casillas),No,1 acción bono,Concentración (https://app.notion.com/p/Concentraci-n-ae225ac34e8d45eaa1895be889d50718?pvs=21)
Invocar Celestial,"Un ser de luz y propósito desciende, leal hasta que su misión concluya.","M, S, V","Concentración, hasta 1 hora","Destino, Origen","Incienso consagrado y polvo de diamante, 300 po; consumible",5º círculo,2 casillas,No,1 acción,Concentración (https://app.notion.com/p/Concentraci-n-ae225ac34e8d45eaa1895be889d50718?pvs=21)
Invocar Monstruosidad,Algo antiguo y hambriento emerge; el mundo no estaba listo para verlo.,"M, S, V","Concentración, hasta 1 hora","Origen, Ruina","Sangre del invocador mezclada con ceniza de hueso, 50 po; consumible",5º círculo,2 casillas,No,1 acción,Concentración (https://app.notion.com/p/Concentraci-n-ae225ac34e8d45eaa1895be889d50718?pvs=21)
Dominar los Vientos,Los cielos obedecen tu voz; el viento corta como espada y transporta como nube.,"M, S, V","Concentración, hasta 10 minutos","Cénit, Energía",Pluma de águila real,5º círculo,"20 casillas, área 10×10 casillas",No,1 acción,Concentración (https://app.notion.com/p/Concentraci-n-ae225ac34e8d45eaa1895be889d50718?pvs=21)
Ira de la Naturaleza,"La tierra misma muere de rabia; raíces, piedras y rayos caen como juicio divino.","M, S, V","Concentración, hasta 1 minuto","Cénit, Energía, Simbiosis","Semilla de roble bañada en sangre de la tierra, 30 po; consumible",5º círculo,"24 casillas, área 8×8 casillas",No,1 acción,Concentración (https://app.notion.com/p/Concentraci-n-ae225ac34e8d45eaa1895be889d50718?pvs=21)
Vorágine,El agua enloquecida forma un torbellino devorador; nadie escapa de su abrazo.,"M, S, V","Concentración, hasta 1 minuto","Catálisis, Energía",Agua de océano y arena de playa mezcladas,5º círculo,"12 casillas, área cilindro de 2 casillas de radio y 8 de alto",No,1 acción,Concentración (https://app.notion.com/p/Concentraci-n-ae225ac34e8d45eaa1895be889d50718?pvs=21)
Golpe de Viento de Acero,El aire se hace cuchilla; la tormenta corta hueso y armadura sin distinción.,"S, V",Instantáneo,Energía,,5º círculo,"12 casillas, línea de 12 casillas de largo y 1 de ancho",No,1 acción,Instantáneo (https://app.notion.com/p/Instant-neo-fd7b6c1ffff0428884c14c221d445309?pvs=21)
Terremoto Localizado,La tierra tiembla bajo el peso de tu voluntad; el suelo se convierte en trampa.,"M, S, V","Concentración, hasta 1 minuto",Cénit,Puño de tierra de un cementerio antiguo,5º círculo,"20 casillas, área de 8 casillas de radio",No,1 acción,Concentración (https://app.notion.com/p/Concentraci-n-ae225ac34e8d45eaa1895be889d50718?pvs=21)
Corazón de la Selva Negra,"La naturaleza enferma responde; entre los árboles muertos, algo antiguo despierta.","M, S, V","Concentración, hasta 1 minuto","Ruina, Simbiosis",Hollín de árbol quemado por un relámpago y bayas venenosas,5º círculo,"16 casillas, área de 6 casillas de radio",No,1 acción,Concentración (https://app.notion.com/p/Concentraci-n-ae225ac34e8d45eaa1895be889d50718?pvs=21)
Llamarada Solar,Del cielo cae el fuego del sol; la naturaleza y la luz se unen para purificar.,"M, S, V",Instantáneo,"Destino, Energía",Lente de cristal pulido y hoja de laurel seco,5º círculo,"20 casillas, columna de 2 casillas de radio y 8 de alto",No,1 acción,Instantáneo (https://app.notion.com/p/Instant-neo-fd7b6c1ffff0428884c14c221d445309?pvs=21)
Modificar Recuerdo,"Con un toque suave, reescribes el libro que alguien llama ""su vida"".","S, V","Concentración, hasta 1 minuto ","Destino, Mente",,5º círculo,Toque,No,1 acción,Concentración (https://app.notion.com/p/Concentraci-n-ae225ac34e8d45eaa1895be889d50718?pvs=21)
Conocer las Leyendas,Las palabras que el tiempo enterró resurgen para quien sabe escuchar.,"M, S, V",Instantáneo,Destino,"Tinta hecha de cenizas de un libro antiguo y polvo de perla, 150 po; consumible",5º círculo,Personal,Yes,10 minutos,Instantáneo (https://app.notion.com/p/Instant-neo-fd7b6c1ffff0428884c14c221d445309?pvs=21)
Comunión,Hablas con lo que existe más allá del velo; la respuesta tiene un precio.,"M, S, V",1 minuto,"Destino, Realidad","Incienso de resina sagrada y un cristal de cuarzo rosa, 200 po",5º círculo,Personal,Yes,1 minuto,Intervalo de tiempo (https://app.notion.com/p/Intervalo-de-tiempo-15b82858a775800db5ebfb0fb6129245?pvs=21)
Mensaje Onírico,"Tus palabras viajan al sueño de otro; lo que siembras en sueños, florece en la vigilia.","M, S, V",8 horas,"Destino, Espejismo, Mente","Pluma de cuervo y polvo de lavanda, 10 po; consumible",5º círculo,Personal,Yes,1 minuto,Intervalo de tiempo (https://app.notion.com/p/Intervalo-de-tiempo-15b82858a775800db5ebfb0fb6129245?pvs=21)
Leer el Tejido del Destino,En cada elección hay una hebra; tú aprendes a ver todas ellas a la vez.,"M, S, V","Concentración, hasta 10 minutos","Destino, Mente","Espejo de agua clara en un recipiente de plata, 50 po",5º círculo,Personal,No,1 acción,Concentración (https://app.notion.com/p/Concentraci-n-ae225ac34e8d45eaa1895be889d50718?pvs=21)
Robar Conocimiento,"Con un toque, extraes lo que otra mente tardó años en aprender.","S, V",24 horas,"Mente, Ruina",,5º círculo,Toque,No,1 acción,Intervalo de tiempo (https://app.notion.com/p/Intervalo-de-tiempo-15b82858a775800db5ebfb0fb6129245?pvs=21)
Paso Arbóreo,"El árbol te recibe y otro te devuelve; el bosque es un solo ser, y tú lo cruzas.","M, S, V",Instantáneo,"Realidad, Simbiosis",Hoja del árbol de origen,5º círculo,Toque,Yes,1 acción,Instantáneo (https://app.notion.com/p/Instant-neo-fd7b6c1ffff0428884c14c221d445309?pvs=21)
Paso de Sombra,Las sombras son puertas; quien domina la oscuridad nunca está lejos del destino.,"S, V",Instantáneo,"Espejismo, Realidad",,5º círculo,Visual (hasta 30 casillas),No,1 acción,Instantáneo (https://app.notion.com/p/Instant-neo-fd7b6c1ffff0428884c14c221d445309?pvs=21)
Paso del Relámpago,"Donde cae el rayo, allí llegas; la velocidad de la tormenta es la tuya.","M, S, V",Instantáneo,"Energía, Realidad",Esquirla de metal fundido por un relámpago,5º círculo,Visual,No,1 acción,Instantáneo (https://app.notion.com/p/Instant-neo-fd7b6c1ffff0428884c14c221d445309?pvs=21)
Paso Psíquico,Los pensamientos crean su propio espacio; llegas donde tu mente ya ha estado.,"S, V",Instantáneo,"Mente, Realidad",,5º círculo,Ilimitado (mismo plano),No,1 acción,Instantáneo (https://app.notion.com/p/Instant-neo-fd7b6c1ffff0428884c14c221d445309?pvs=21)
Paso del Umbral,El velo entre los vivos y los muertos es más delgado de lo que crees.,"M, S, V",Instantáneo,"Realidad, Ruina","Moneda de plata puesta en los ojos de un cadáver hace menos de 1 hora, 1 po; consumible",5º círculo,Toque,No,1 acción,Instantáneo (https://app.notion.com/p/Instant-neo-fd7b6c1ffff0428884c14c221d445309?pvs=21)
Paso del Eco,Dos espejos que se miran crean infinito; tú viajas por ese espacio entre reflejos.,"M, S, V",Instantáneo,"Espejismo, Realidad","Fragmento de espejo plateado con la imagen del destino reflejada, 25 po",5º círculo,Visual,No,1 acción,Instantáneo (https://app.notion.com/p/Instant-neo-fd7b6c1ffff0428884c14c221d445309?pvs=21)
"Telepatía ",Tu mente se abre como un océano; todas las demás son olas en él.,"S, V","Concentración, hasta 1 hora",Mente,,5º círculo,12 casillas,No,1 acción,Concentración (https://app.notion.com/p/Concentraci-n-ae225ac34e8d45eaa1895be889d50718?pvs=21)
"Telequinesis ","Tu mente mueve el mundo; lo que ves, lo controlas.","S, V","Concentración, hasta 10 minutos","Cinético, Cénit, Mente",,5º círculo,"12 casillas ",No,1 acción,Concentración (https://app.notion.com/p/Concentraci-n-ae225ac34e8d45eaa1895be889d50718?pvs=21)
Baile Irresistible,"Los pies obedecen a tu voluntad, no a la de su dueño; la danza es la jaula.",V,"Concentración, hasta 1 minuto","Destino, Mente",,5º círculo," 8 casillas",No,1 acción,Concentración (https://app.notion.com/p/Concentraci-n-ae225ac34e8d45eaa1895be889d50718?pvs=21)
Proyección Mental,Tu cuerpo duerme; tu mente camina por el mundo sin cadenas físicas.,"S, V","Concentración, hasta 1 hora","Mente, Realidad",,5º círculo,Personal,No,1 acción,Concentración (https://app.notion.com/p/Concentraci-n-ae225ac34e8d45eaa1895be889d50718?pvs=21)
Reencarnación,"La muerte no es el fin; el alma regresa, aunque en piel ajena.","M, S, V",Instantáneo,"Destino, Restauración, Simbiosis","Aceites raros y perfumes por valor de 1,000 po; consumibles",5º círculo,Toque,Yes,1 hora,Instantáneo (https://app.notion.com/p/Instant-neo-fd7b6c1ffff0428884c14c221d445309?pvs=21)
Danza Macabra,Los muertos no descansan cuando los llamas; se levantan a ejecutar tu voluntad.,"M, S, V","Concentración, hasta 1 hora","Destino, Ruina",Un hueso de cada criatura que deseas animar,5º círculo,"8 casillas ",No,1 acción,Concentración (https://app.notion.com/p/Concentraci-n-ae225ac34e8d45eaa1895be889d50718?pvs=21)
Vínculo de Almas,"Dos vidas atadas; lo que le ocurre a uno, resuena en el otro.","M, S, V",Permanente (hasta ruptura del vínculo),"Destino, Restauración, Ruina","Anillo de plata para cada participante, 500 po cada uno; no consumibles",5º círculo,Toque,Yes,10 minutos,Intervalo de tiempo (https://app.notion.com/p/Intervalo-de-tiempo-15b82858a775800db5ebfb0fb6129245?pvs=21)
Resurgir del Fénix,"La llama que consume también crea; morir no es suficiente para detener a quien arde.
","M, S, V",Instantáneo,"Destino, Energía, Restauración","Plumas de ave fénix o plumas de un ave dorada bañadas en aceite sagrado, 500 po; consumibles",5º círculo," 6 casillas",No,1 acción,Instantáneo (https://app.notion.com/p/Instant-neo-fd7b6c1ffff0428884c14c221d445309?pvs=21)
" Pacto con la Sombra",Tu alma firma donde no hay tinta; el precio es siempre más alto de lo que parece.,"M, S, V","Especial ","Destino, Realidad, Ruina","Sangre fresca del lanzador, un espejo negro sin reflejo, y medianoche exacta como condición temporal",5º círculo,Toque,Yes,1 hora,Intervalo de tiempo (https://app.notion.com/p/Intervalo-de-tiempo-15b82858a775800db5ebfb0fb6129245?pvs=21)
Transferencia de Esencia,Das lo que eres para que otro sea; la magia más vieja cobra el precio más alto.,"S, V",Instantáneo,"Destino, Restauración, Ruina",,5º círculo,Toque,No,1 acción,Instantáneo (https://app.notion.com/p/Instant-neo-fd7b6c1ffff0428884c14c221d445309?pvs=21)
Manto de No-Existencia,"Quien te mira simplemente olvida que estás ahí, como se olvida el aire que se respira.","M, S, V","Concentración, hasta 8 horas","Destino, Espejismo","Un velo tejido con hilo de araña plateada y polvo de luna nueva, 200 po",5º círculo,"Personal ",No,1 acción,Concentración (https://app.notion.com/p/Concentraci-n-ae225ac34e8d45eaa1895be889d50718?pvs=21)
Fortaleza Efímera,"En el tiempo que tarda una fogata en prender, un refugio inexpugnable nace de la nada.","M, S, V"," 24 horas","Cinético, Espejismo","Miniatura de una fortaleza tallada en piedra volcánica, 500 po",5º círculo,4 casillas,Yes,10 minutos,Intervalo de tiempo (https://app.notion.com/p/Intervalo-de-tiempo-15b82858a775800db5ebfb0fb6129245?pvs=21)
Contrato Mágico,Las palabras escritas con sangre y voluntad tienen el peso del destino; el universo las recuerda.,"M, S, V",Permanente hasta cumplirse o romperse,"Destino, Mente","Pergamino de piel de basilisco y tinta de sangre de las dos partes contratantes, 300 po; se consume",5º círculo,Toque,Yes,1 hora,Intervalo de tiempo (https://app.notion.com/p/Intervalo-de-tiempo-15b82858a775800db5ebfb0fb6129245?pvs=21)
Custodia del Tiempo,"Guardas algo dentro de un instante congelado, esperando el momento exacto para despertar.","M, S, V",Hasta 1 año,"Destino, Realidad","Un reloj de arena sellado con cera de abeja virgen y polvo de cristal de cuarzo, 400 po",5º círculo,Toque,No,1 hora,Intervalo de tiempo (https://app.notion.com/p/Intervalo-de-tiempo-15b82858a775800db5ebfb0fb6129245?pvs=21)
Conducto Dimensional,"Abres dos puertas donde no hay ninguna, y entre ellas el espacio colapsa en un paso.","M, S, V","Concentración, hasta 10 minutos","Cinético, Realidad","Dos anillos de metal fundido juntos y separados, 100 po",5º círculo," 20 casillas",No,1 acción bono,Concentración (https://app.notion.com/p/Concentraci-n-ae225ac34e8d45eaa1895be889d50718?pvs=21)
Forma Prestada,Tu carne aprende la forma de otro con una fidelidad tan perfecta que engaña hasta a su madre.,"M, S, V",24 horas,"Catálisis, Espejismo","Un espejo que haya reflejado al objetivo durante al menos 1 hora continua, 200 po",5º círculo,Toque,Yes,10 minutos,Intervalo de tiempo (https://app.notion.com/p/Intervalo-de-tiempo-15b82858a775800db5ebfb0fb6129245?pvs=21)
Forma de Arena,Tu carne se disgrega en millones de granos que danzan al viento.,"M, S, V","Concentración, hasta 10 minutos","Catálisis, Cénit",Un puñado de arena del desierto,6º círculo,Personal,No,1 acción,Concentración (https://app.notion.com/p/Concentraci-n-ae225ac34e8d45eaa1895be889d50718?pvs=21)
Forma de Humo,Te disuelves en humo espeso; tus contornos se vuelven difusos e irrespirables.,"M, S, V","Concentración, hasta 10 minutos","Catálisis, Espejismo","Ceniza de madera quemada mezclada con incienso, 10 po",6º círculo,Personal,No,1 acción,Concentración (https://app.notion.com/p/Concentraci-n-ae225ac34e8d45eaa1895be889d50718?pvs=21)
Forma de Vapor Alquímico,Tu cuerpo hierve y desprende vapores alquímicos que corroen todo a su paso.,"M, S, V","Concentración, hasta 10 minutos","Catálisis, Ruina","Un frasco de ácido concentrado, 25 po, consumido",6º círculo,Personal,No,1 acción,Concentración (https://app.notion.com/p/Concentraci-n-ae225ac34e8d45eaa1895be889d50718?pvs=21)
Forma de Peste Verde,Tu forma se vuelve una nube de esporas y toxinas de color verde enfermizo.,"M, S, V","Concentración, hasta 10 minutos","Catálisis, Ruina","Polvo de hueso molido y hierba podrida, 15 po",6º círculo,Personal,No,1 acción,Concentración (https://app.notion.com/p/Concentraci-n-ae225ac34e8d45eaa1895be889d50718?pvs=21)
Forma de Polvo de Tumba,Tu cuerpo se torna polvo gris que marchita flores y envejece piedras.,"M, S, V","Concentración, hasta 10 minutos","Cénit, Ruina","Polvo extraído de un sarcófago de al menos 100 años, 50 po",6º círculo,Personal,No,1 acción,Concentración (https://app.notion.com/p/Concentraci-n-ae225ac34e8d45eaa1895be889d50718?pvs=21)
"Forma de Niebla ",Tu silueta se desvanece en niebla blanca que nadie puede retener.,"S, V","Concentración, hasta 10 minutos","Espejismo, Realidad",,6º círculo,Personal,No,1 acción,Concentración (https://app.notion.com/p/Concentraci-n-ae225ac34e8d45eaa1895be889d50718?pvs=21)
Forma de Oscuridad,Tu cuerpo se convierte en oscuridad pura que consume la luz circundante.,"M, S, V","Concentración, hasta 10 minutos","Espejismo, Ruina",Un trozo de tela teñida con tinta de calamar gigante,6º círculo,Personal,No,1 acción,Concentración (https://app.notion.com/p/Concentraci-n-ae225ac34e8d45eaa1895be889d50718?pvs=21)
Forma de Luz,"Tu cuerpo estalla en luz cegadora; eres un destello viviente, puro y abrasador.","M, S, V","Concentración, hasta 10 minutos","Energía, Espejismo","Un cristal de cuarzo tallado, 20 po",6º círculo,Personal,No,1 acción,Concentración (https://app.notion.com/p/Concentraci-n-ae225ac34e8d45eaa1895be889d50718?pvs=21)
"Forma de Fuego ",Tu cuerpo arde en llamas vivas que consumen lo que osas tocar.,"M, S, V","Concentración, hasta 10 minutos","Catálisis, Energía","Una mecha de aceite de dragón, 30 po, consumida",6º círculo,Personal,No,1 acción,Concentración (https://app.notion.com/p/Concentraci-n-ae225ac34e8d45eaa1895be889d50718?pvs=21)
Forma de Electricidad,Tu silueta chisporrotea; eres un arco eléctrico que salta entre las sombras.,"M, S, V","Concentración, hasta 10 minutos","Cinético, Energía",Una barra de cobre pulido,6º círculo,Personal,No,1 acción,Concentración (https://app.notion.com/p/Concentraci-n-ae225ac34e8d45eaa1895be889d50718?pvs=21)
Rayo Solar,Un rayo de luz solar concentrada abrasa todo a su paso con fuerza devastadora.,"M, S, V",Instantáneo,"Energía, Espejismo","Un cristal de lente tallado, 100 po",6º círculo,"24 casillas, línea de 2 casillas de ancho",No,1 acción,Instantáneo (https://app.notion.com/p/Instant-neo-fd7b6c1ffff0428884c14c221d445309?pvs=21)
Marea de Vida,"Una ola de energía vital restauradora inunda al objetivo, sellando heridas y expulsando el mal.","S, V",Instantáneo,Restauración,,6º círculo,12 casillas,No,1 acción,Instantáneo (https://app.notion.com/p/Instant-neo-fd7b6c1ffff0428884c14c221d445309?pvs=21)
Marea de Ruina,Una ola de energía negativa consume la vitalidad del objetivo desde adentro hacia afuera.,"S, V",Instantáneo,Ruina,,6º círculo,12 casillas,No,1 acción,Instantáneo (https://app.notion.com/p/Instant-neo-fd7b6c1ffff0428884c14c221d445309?pvs=21)
"Desintegrar ",Un rayo verde disuelve materia en polvo iridiscente en una fracción de segundo.,"M, S, V",Instantáneo,"Catálisis, Cinético",Polvo de hierro y polvo de vidrio mezclados,6º círculo,12 casillas,No,1 acción,Instantáneo (https://app.notion.com/p/Instant-neo-fd7b6c1ffff0428884c14c221d445309?pvs=21)
Tormenta de Meteoros,"Rocas ardientes caen del cielo con estrépito, aplastando todo bajo su peso incandescente.","M, S, V",Instantáneo,"Cénit, Energía","Un fragmento de meteorito, 75 po",6º círculo,"30 casillas, radio 4 casillas",No,1 acción,Instantáneo (https://app.notion.com/p/Instant-neo-fd7b6c1ffff0428884c14c221d445309?pvs=21)
"Resurgir ",Una explosión de luz dorada toca a los caídos y los devuelve al combate con urgencia.,"M, S, V",Instantáneo,"Destino, Restauración","Polvo de diamante, 100 po, consumido",6º círculo,6 casillas,No,1 acción,Instantáneo (https://app.notion.com/p/Instant-neo-fd7b6c1ffff0428884c14c221d445309?pvs=21)
"Jaula de Alma ","Una jaula de luz negra atrapa el alma del objetivo, separando cuerpo de espíritu.","M, S, V",Hasta 24 horas o hasta que se cumpla la condición de liberación,"Realidad, Ruina","Una jaula de plata en miniatura, 300 po",6º círculo,"12 casillas ",No,1 acción,Intervalo de tiempo (https://app.notion.com/p/Intervalo-de-tiempo-15b82858a775800db5ebfb0fb6129245?pvs=21)
"Prisión Mental ",La mente del objetivo queda atrapada en un laberinto de sus propios temores sin salida.,"S, V",Hasta 24 horas o hasta que se cumpla la condición de liberación,"Mente, Realidad",,6º círculo,12 casillas,No,1 acción,Intervalo de tiempo (https://app.notion.com/p/Intervalo-de-tiempo-15b82858a775800db5ebfb0fb6129245?pvs=21)
Columna de Ámbar,Una columna de ámbar solidificado surge del suelo y engulle al objetivo en su interior translúcido.,"M, S, V",Hasta 24 horas o hasta condición de liberación,"Cénit, Destino","Resina de árbol milenario y polvo de topacio, 150 po, consumidos",6º círculo,12 casillas,No,1 acción,Intervalo de tiempo (https://app.notion.com/p/Intervalo-de-tiempo-15b82858a775800db5ebfb0fb6129245?pvs=21)
Cadenas de la Condena,Cadenas de energía negra brotan del suelo y envuelven al objetivo con voluntad propia.,"M, S, V",Hasta 24 horas o hasta condición de liberación,"Cinético, Destino","Cadenas de hierro negro, 200 po, consumidas",6º círculo,"12 casillas ",No,1 acción,Intervalo de tiempo (https://app.notion.com/p/Intervalo-de-tiempo-15b82858a775800db5ebfb0fb6129245?pvs=21)
Sello de la Tierra,Raíces de piedra y tierra brotan y atrapan a los que pisan el suelo maldito.,"M, S, V",Hasta 24 horas o hasta condición de liberación,"Cénit, Simbiosis","Tierra de un lugar sagrado o maldito, 50 po",6º círculo,"16 casillas, área de 4x4 casillas",No,1 acción,Intervalo de tiempo (https://app.notion.com/p/Intervalo-de-tiempo-15b82858a775800db5ebfb0fb6129245?pvs=21)
El Trono del Juicio,El destino mismo juzga al objetivo y lo condena a contemplar sus crímenes sin moverse.,"M, S, V",Hasta 24 horas o hasta condición de liberación,"Destino, Mente","Una moneda de oro marcada con una balanza, 100 po, consumida",6º círculo,12 casillas,No,1 acción,Intervalo de tiempo (https://app.notion.com/p/Intervalo-de-tiempo-15b82858a775800db5ebfb0fb6129245?pvs=21)
Santuario Ilusorio,El paisaje circundante se torna un engaño perfecto; lo que ves no es lo que hay.,"M, S, V",8 horas,"Destino, Espejismo","Polvo de cuarzo y tinta de sepia, 75 po",6º círculo,"Personal (emanación 20 casillas) ",Yes,1 acción,Intervalo de tiempo (https://app.notion.com/p/Intervalo-de-tiempo-15b82858a775800db5ebfb0fb6129245?pvs=21)
"Muro de Espinas ","Una muralla de zarzas vivientes brota del suelo, impenetrable y hambrienta de carne.","M, S, V",8 horas,"Cénit, Simbiosis","Semillas de zarza y tierra fértil, 30 po",6º círculo,"20 casillas, línea de hasta 20 casillas de largo y 2 casillas de alto",Yes,1 acción,Intervalo de tiempo (https://app.notion.com/p/Intervalo-de-tiempo-15b82858a775800db5ebfb0fb6129245?pvs=21)
"Glifo de Anclaje ","Una runa invisible aguarda en el suelo, paciente, lista para detener al que la pise.","M, S, V","Hasta ser activado, máx. 1 año","Cinético, Destino","Polvo de plata y sangre del lanzador, 100 po",6º círculo,Toque (el glifo ocupa 1 casilla),Yes,1 acción,Intervalo de tiempo (https://app.notion.com/p/Intervalo-de-tiempo-15b82858a775800db5ebfb0fb6129245?pvs=21)
Neblina de Guerra,"Una niebla espesa y encantada cae sobre el campo, ocultando a los tuyos y confundiendo a los otros.","M, S, V",1 hora (concentración si se lanza con maná),"Catálisis, Espejismo","Aceite de lavanda quemado, 20 po",6º círculo,"20 casillas, radio 8 casillas",Yes,1 acción,Concentración (https://app.notion.com/p/Concentraci-n-ae225ac34e8d45eaa1895be889d50718?pvs=21)
Consagrar Territorio,"El suelo que pisas respira santidad; los que te son fieles florecen, los que no, se marchitan.","M, S, V",24 horas,"Destino, Restauración","Agua bendita e incienso sagrado, 150 po, consumidos",6º círculo,Personal (radio 10 casillas),Yes,1 acción,Intervalo de tiempo (https://app.notion.com/p/Intervalo-de-tiempo-15b82858a775800db5ebfb0fb6129245?pvs=21)
Escudo de Almas,Las almas de guerreros caídos forman un manto invisible que absorbe el daño destinado a los vivos.,"M, S, V",8 horas,"Restauración, Ruina",Un mechón de cabello de alguien muerto en combate,6º círculo,Personal (radio 6 casillas ),No,1 acción,Intervalo de tiempo (https://app.notion.com/p/Intervalo-de-tiempo-15b82858a775800db5ebfb0fb6129245?pvs=21)
Máscara Perfecta,"Te conviertes en otra persona; no solo el aspecto, también la voz, los gestos, el alma superficial.","M, S, V",24 horas,"Espejismo, Mente","Un retrato o pertenencia personal del objetivo, 50 po",6º círculo,Personal,No,1 minuto,Intervalo de tiempo (https://app.notion.com/p/Intervalo-de-tiempo-15b82858a775800db5ebfb0fb6129245?pvs=21)
Palabra de Verdad Absoluta,Una compulsión suave pero irrompible obliga al objetivo a decir únicamente lo que cree verdadero.,"M, S, V",1 hora,"Destino, Mente","Un espejo de plata, 80 po",6º círculo,4 casillas,No,1 acción,Intervalo de tiempo (https://app.notion.com/p/Intervalo-de-tiempo-15b82858a775800db5ebfb0fb6129245?pvs=21)
Dominio de Corte,Tus palabras caen como decreto divino; los que te escuchan solo pueden obedecer o admirar.,"S, V"," 8 horas","Destino, Mente",,6º círculo,"8 casillas, hasta 6 objetivos",No,1 acción,Intervalo de tiempo (https://app.notion.com/p/Intervalo-de-tiempo-15b82858a775800db5ebfb0fb6129245?pvs=21)
Tormenta de Hielo,Granizo y escarcha caen con furia devastadora; todo lo que esté abajo queda aplastado y helado.,"M, S, V",Instantáneo,"Catálisis, Energía","Un trozo de hielo y granizo molido, 10 po, consumido",6º círculo,"24 casillas, cilindro de radio 4 casillas y 8 casillas de alto",Yes,1 acción,Instantáneo (https://app.notion.com/p/Instant-neo-fd7b6c1ffff0428884c14c221d445309?pvs=21)
Oleada de Tierra,El suelo ondula como agua y empuja todo hacia adelante en una ola de tierra y roca.,"S, V",Instantáneo,Cénit,,6º círculo,"Personal, línea de 12 casillas de largo y 2 casillas de ancho",Yes,1 acción bono,Instantáneo (https://app.notion.com/p/Instant-neo-fd7b6c1ffff0428884c14c221d445309?pvs=21)
Torbellino de Viento,Un torbellino de viento rugiente nace de ti y arroja a tus enemigos como hojas en otoño.,"S, V","Concentración, hasta 1 minuto","Catálisis, Cinético",,6º círculo,"Personal, radio 6 casillas",Yes,1 reacción,Concentración (https://app.notion.com/p/Concentraci-n-ae225ac34e8d45eaa1895be889d50718?pvs=21)
Marea de Sombras,"Una marea de sombras vivientes inunda el área, ahogando la luz y el valor de cuantos toca.","M, S, V","Concentración, hasta 1 minuto","Espejismo, Ruina","Carbón triturado y ceniza de hueso, 25 po",6º círculo,"20 casillas, radio 8 casillas",Yes,1 acción,Concentración (https://app.notion.com/p/Concentraci-n-ae225ac34e8d45eaa1895be889d50718?pvs=21)
Arco Imparable,Un arco de relámpago salta de enemigo en enemigo sin perder un ápice de su furia.,"M, S, V",Instantáneo,"Cinético, Energía",Una varilla de cobre,6º círculo," 16 casillas, cadena que salta entre objetivos a máx. 4 casillas entre sí",No,1 acción bono,Instantáneo (https://app.notion.com/p/Instant-neo-fd7b6c1ffff0428884c14c221d445309?pvs=21)
"Explosión Sónica ",Un estallido de sonido puro nace de ti y aplasta todo lo que esté cerca con fuerza devastadora.,V,Instantáneo,Energía,,6º círculo,"Personal, radio 5 casillas",Yes,1 reacción,Instantáneo (https://app.notion.com/p/Instant-neo-fd7b6c1ffff0428884c14c221d445309?pvs=21)
Puerta de Tránsito,Dos marcos de luz plateada abren un pasaje entre dos puntos del espacio.,"M, S, V","Concentración, hasta 10 minutos","Cinético, Realidad","Polvo de zafiro, 150 po, consumido",6º círculo,"4 casillas, portal de 2×2 casillas",No,1 acción,Concentración (https://app.notion.com/p/Concentraci-n-ae225ac34e8d45eaa1895be889d50718?pvs=21)
Cuerpo que Vaga,"Tu cuerpo cae inerte; tu alma se lanza al éter plateado para ver, oír y espiar sin ser vista.","M, S, V","Concentración, hasta 1 hora","Espejismo, Realidad","Un hilo de plata puro de al menos 2 casillas, 50 po",6º círculo,Personal,No,1 acción,Concentración (https://app.notion.com/p/Concentraci-n-ae225ac34e8d45eaa1895be889d50718?pvs=21)
Ojo Sin Cuerpo,"Un ojo de luz plateada surge y se desplaza a cualquier lugar del mundo, observando sin ser visto.","M, S, V","Concentración, hasta 24 horas","Destino, Espejismo","Una lente de cristal tallada en cuarto menguante, 100 po",6º círculo,Ilimitado (mismo plano),No,1 acción,Concentración (https://app.notion.com/p/Concentraci-n-ae225ac34e8d45eaa1895be889d50718?pvs=21)
Bóveda de Bolsillo,"Dentro de ese cofre hay un palacio; sus paredes son imposibles, su espacio es infinito.","M, S, V",Permanente hasta que se disipe,"Origen, Realidad","Una maqueta miniatura de una habitación, 200 po, consumida",6º círculo,Toque (un objeto contenedor de al menos 1 pie cúbico),No,1 minuto,Intervalo de tiempo (https://app.notion.com/p/Intervalo-de-tiempo-15b82858a775800db5ebfb0fb6129245?pvs=21)
"Teleportación en Masa ",El espacio se dobla bajo tu voluntad; todos los que te rodean llegan antes de haber partido.,"M, V",Instantáneo,Realidad,"Arena de playa de un lugar que hayas visitado, 75 po",6º círculo,"4 casillas, tú y hasta 8 criaturas voluntarias",No,1 acción,Instantáneo (https://app.notion.com/p/Instant-neo-fd7b6c1ffff0428884c14c221d445309?pvs=21)
Tijeras de Realidad,"Tus manos devienen hojas de plata; la carne, el espacio y la materia se pliegan como papel.","M, S, V","Concentración, hasta 1 minuto","Cinético, Realidad","Un par de tijeras de plata fundida, 500 po, consumido",7º círculo,Personal,No,1 acción,Concentración (https://app.notion.com/p/Concentraci-n-ae225ac34e8d45eaa1895be889d50718?pvs=21)
Gula Total,Tu boca se ensancha hasta lo imposible; devoras el mundo y el mundo te transforma.,"M, S, V","Concentración, hasta 1 minuto","Catálisis, Simbiosis",Una piedra de al menos 1 kg ingerida durante el lanzamiento,7º círculo,"Personal ",No,1 acción,Concentración (https://app.notion.com/p/Concentraci-n-ae225ac34e8d45eaa1895be889d50718?pvs=21)
Fusión de Titán,,,,"Cinético, Simbiosis",,7º círculo,,No,1 acción,
Proliferación de Miembros,De las superficies brotan tus manos como raíces; el mundo entero se vuelve tu cuerpo.,"S, V","Concentración, hasta 1 minuto","Cinético, Simbiosis",,7º círculo," 12 casillas",No,1 acción,Concentración (https://app.notion.com/p/Concentraci-n-ae225ac34e8d45eaa1895be889d50718?pvs=21)
Señor de la Paja,"Tu carne se deshilacha en paja dorada; el daño que te hieren, otro lo sufre.","M, S, V","Concentración, hasta 1 minuto","Destino, Simbiosis",Un puñado de paja empapada en sangre propia,7º círculo,Personal,No,1 acción,Concentración (https://app.notion.com/p/Concentraci-n-ae225ac34e8d45eaa1895be889d50718?pvs=21)
Origami Viviente,"El mundo es papel en tus manos; lo doblas, lo remodelas, lo lanzas a matar.","M, S, V","Concentración, hasta 1 minuto","Catálisis, Realidad","Una hoja de papel de arroz bañada en tinta de pulpo, 50 po",7º círculo,10 casillas,No,1 acción,Concentración (https://app.notion.com/p/Concentraci-n-ae225ac34e8d45eaa1895be889d50718?pvs=21)
Maestro de Hilos,"De tus dedos nacen hilos invisibles que atan, cortan y gobiernan toda cosa viva.","S, V","Concentración, hasta 1 minuto","Cinético, Mente",,7º círculo,Personal (hilos hasta 20 casillas),No,1 acción,Concentración (https://app.notion.com/p/Concentraci-n-ae225ac34e8d45eaa1895be889d50718?pvs=21)
Gravedad Caprichosa,"Tu masa se dobla a tu voluntad: pluma o montaña, ligero o devastador.","M, S, V","Concentración, hasta 1 minuto","Cinético, Cénit","Una pluma y una piedra de hierro atadas con hilo de plata, 100 po",7º círculo,Personal,No,1 acción,Concentración (https://app.notion.com/p/Concentraci-n-ae225ac34e8d45eaa1895be889d50718?pvs=21)
Palmas Repelentes,"Tus palmas rechazan toda cosa: espada, fuego, dolor y cansancio rebotan en ti.","S, V","Concentración, hasta 1 minuto","Cinético, Destino",,7º círculo,Personal,No,1 acción,Concentración (https://app.notion.com/p/Concentraci-n-ae225ac34e8d45eaa1895be889d50718?pvs=21)
Soberanía Magnética,"Toda cosa de hierro obedece tu voluntad; el metal vuela, aplasta y te corona.","M, S, V","Concentración, hasta 1 minuto","Cénit, Energía","Un imán de magnetita de al menos 500 g, 200 po",7º círculo,Personal,No,1 acción,Concentración (https://app.notion.com/p/Concentraci-n-ae225ac34e8d45eaa1895be889d50718?pvs=21)
Palabra de Poder: Dolor,Pronuncias la palabra que todo ser teme; el dolor se vuelve absoluto e irresistible.,V,Especial (ver efecto),"Mente, Ruina",,7º círculo,12 casillas (un objetivo que puedas ver),No,1 acción,Intervalo de tiempo (https://app.notion.com/p/Intervalo-de-tiempo-15b82858a775800db5ebfb0fb6129245?pvs=21)
Palabra de Poder: Fortificar,Pronuncias la palabra que hace eterno al mortal; el aliado se vuelve invulnerable.,V,Especial,"Destino, Restauración",,7º círculo,12 casillas (un objetivo voluntario que puedas ver),No,1 acción,Intervalo de tiempo (https://app.notion.com/p/Intervalo-de-tiempo-15b82858a775800db5ebfb0fb6129245?pvs=21)
Muro Reflectante,Una barrera cristalina surge y devuelve el hechizo al que lo lanzó.,"S, V",Instantáneo,"Cinético, Destino",,7º círculo,Personal,No,1 reacción,Instantáneo (https://app.notion.com/p/Instant-neo-fd7b6c1ffff0428884c14c221d445309?pvs=21)
Losa de Escarcha,El suelo se congela en un instante cuando el enemigo avanza; queda atrapado.,"S, V",Instantáneo (el hielo persiste 1 minuto),"Cénit, Energía",,7º círculo,12 casillas,No,1 reacción,Instantáneo (https://app.notion.com/p/Instant-neo-fd7b6c1ffff0428884c14c221d445309?pvs=21)
Sifón de Alma,"Cuando el aliado cae, arrebatas la vida del asesino para devolverla.",V,Instantáneo,"Mente, Ruina",,7º círculo,"20 casillas ",No,1 reacción,Instantáneo (https://app.notion.com/p/Instant-neo-fd7b6c1ffff0428884c14c221d445309?pvs=21)
Contragolpe Cinético,Conviertes el impulso del golpe en un torbellino que arroja al agresor lejos.,S,Instantáneo,Cinético,,7º círculo,Personal (efecto en el atacante),No,1 reacción,Instantáneo (https://app.notion.com/p/Instant-neo-fd7b6c1ffff0428884c14c221d445309?pvs=21)
Anulación Mágica,"En el instante en que la magia toma forma, la desgarras antes de nacer.","S, V",Instantáneo,"Cinético, Realidad",,7º círculo,18 casillas,No,1 reacción,Instantáneo (https://app.notion.com/p/Instant-neo-fd7b6c1ffff0428884c14c221d445309?pvs=21)
Reescribir el destino,Borras el resultado de un dado y ordenas al universo que repita su juicio.,V,Instantáneo,Destino,,7º círculo,20 casillas,No,1 reacción,Instantáneo (https://app.notion.com/p/Instant-neo-fd7b6c1ffff0428884c14c221d445309?pvs=21)
Marea de Maná,"El flujo de la energía mágica del combate se inclina: los aliados beben, los enemigos se vacían.","M, S, V",Instantáneo,"Cinético, Destino","Una gema de amatista molida, 300 po, consumida",7º círculo,12 casillas,No,1 acción,Instantáneo (https://app.notion.com/p/Instant-neo-fd7b6c1ffff0428884c14c221d445309?pvs=21)
Lectura del Umbral,Percibes el límite invisible entre la vida y la muerte de toda criatura visible.,"S, V","Concentración, hasta 10 minutos","Destino, Mente",,7º círculo," 20 casillas",No,1 acción,Concentración (https://app.notion.com/p/Concentraci-n-ae225ac34e8d45eaa1895be889d50718?pvs=21)
Espada Arcana,Convocas una hoja de energía pura que obedece tu mente y sangra luz al cortar.,"M, S, V","Concentración, hasta 1 minuto","Cinético, Origen","Una espada de platino en miniatura con empuñadura de cobre, 250 po",7º círculo,12 casillas,No,1 acción bono,Concentración (https://app.notion.com/p/Concentraci-n-ae225ac34e8d45eaa1895be889d50718?pvs=21)
Proyectar Imagen,"Tu silueta aparece lejos; hablas, actúas y engañas desde la seguridad del vacío.","M, S, V","Concentración, hasta 1 día","Espejismo, Realidad","Un pequeño retrato tuyo enmarcado en plata, 25 po",7º círculo," 800 casillas",No,1 acción,Concentración (https://app.notion.com/p/Concentraci-n-ae225ac34e8d45eaa1895be889d50718?pvs=21)
Símbolo,Grabas un glifo que duerme en silencio hasta que el pie ignorante lo despierta.,"M, S, V",Hasta ser activado o hasta 10 años,"Destino, Mente, Ruina","Mercurio, fósforo y polvo de diamante y opalo con valor total de 1.000 po; consumidos",7º círculo,Toque (superficie o objeto),No,1 minuto,Intervalo de tiempo (https://app.notion.com/p/Intervalo-de-tiempo-15b82858a775800db5ebfb0fb6129245?pvs=21)
Dedo de la Muerte,Señalas y la muerte obedece; la vida abandona al maldito con un chasquido de huesos.,"S, V","Instantáneo ",Ruina,,7º círculo," 12 casillas (un objetivo que puedas ver)",No,1 acción,Instantáneo (https://app.notion.com/p/Instant-neo-fd7b6c1ffff0428884c14c221d445309?pvs=21)
Formas Animales,El druida se disuelve en luz verde y resurge como la bestia que siempre latió bajo su piel.,"S, V",Hasta el siguiente amanecer,Simbiosis,,8º círculo,Personal (12 casillas de radio para objetivo),No,1 acción,Intervalo de tiempo (https://app.notion.com/p/Intervalo-de-tiempo-15b82858a775800db5ebfb0fb6129245?pvs=21)
Antipatía / Simpatía,La magia teje hilos invisibles de atracción o repulsión que doblan la voluntad de los visitantes.,"M, S, V",10 días,"Destino, Mente",Vinagre de dragón o miel de hada; 10 po,8º círculo,Toque (objeto o área de hasta 10 casillas cúbicas),Yes,1 hora,Intervalo de tiempo (https://app.notion.com/p/Intervalo-de-tiempo-15b82858a775800db5ebfb0fb6129245?pvs=21)
Desconcierto,Una palabra sin forma fractura la mente del objetivo en mil pensamientos que no recuerdan su origen.,"S, V","Concentración, hasta 1 minuto",Mente,,8º círculo,18 casillas,No,1 acción,Concentración (https://app.notion.com/p/Concentraci-n-ae225ac34e8d45eaa1895be889d50718?pvs=21)
Clonar,"En un capullo de vidrio y arcilla sagrada duerme una vida de repuesto, esperando ser llamada.
","M, S, V",Hasta ser activado,"Origen, Restauración","un fragmento de carne del objetivo de al menos 1 gramo, un recipiente de cristal sellado herméticamente valorado en al menos 2.000 po —no consumible—, tierra de un cementerio —consumible—",8º círculo,Toque,Yes,1 hora,Intervalo de tiempo (https://app.notion.com/p/Intervalo-de-tiempo-15b82858a775800db5ebfb0fb6129245?pvs=21)
Controlar el Clima,"El mago alza las manos al cielo y el cielo le obedece, doblando nubes y vientos a su voluntad.","M, S, V","Concentración, hasta 8 horas","Destino, Energía","Un puñado de tierra, agua, fuego y aire —consumibles—",8º círculo,Radio de 300 casillas centrado en el lanzador (solo exterior o espacios muy abiertos),Yes,10 minutos,Concentración (https://app.notion.com/p/Concentraci-n-ae225ac34e8d45eaa1895be889d50718?pvs=21)
Semiplano,Una puerta de nada se abre en el aire y detrás no hay nada más que lo que el mago decide que exista.,"S, V"," 1 hora",Realidad,,8º círculo,3 casillas,No,1 acción,Intervalo de tiempo (https://app.notion.com/p/Intervalo-de-tiempo-15b82858a775800db5ebfb0fb6129245?pvs=21)
Terremoto,"La tierra ruge, gime y se parte con la indignación de algo muy antiguo que acaba de despertar.","M, S, V","Concentración, hasta 1 minuto","Cénit, Energía",Un fragmento de roca —consumible,8º círculo,100 casillas,No,1 acción,Concentración (https://app.notion.com/p/Concentraci-n-ae225ac34e8d45eaa1895be889d50718?pvs=21)
Labia,Sus palabras son miel envenenada: el objetivo sonríe mientras abre puertas que jamás debió abrir.,V,24 horas,"Destino, Mente",,8º círculo,6 casillas,No,1 acción,Intervalo de tiempo (https://app.notion.com/p/Intervalo-de-tiempo-15b82858a775800db5ebfb0fb6129245?pvs=21)
Aura Sagrada,Una luz que no ciega sino que consuela envuelve al clérigo y a todos los que se mantienen cerca.,"M, S, V","Concentración, hasta 1 minuto","Destino, Restauración",Una reliquia sagrada de valor mínimo 500 po,8º círculo,Personal (radio de 6 casillas),No,1 acción,Concentración (https://app.notion.com/p/Concentraci-n-ae225ac34e8d45eaa1895be889d50718?pvs=21)
Dragón Ilusorio,La ilusión del dragón es tan perfecta que el miedo que genera es completamente real.,"S, V","Concentración, hasta 1 minuto","Espejismo, Mente",,8º círculo," 12 casillas",No,1 acción,Concentración (https://app.notion.com/p/Concentraci-n-ae225ac34e8d45eaa1895be889d50718?pvs=21)
Nube incendiaria,Una nube de chispas y humo sulfúreo devora el aire hasta que solo queda el rugido del fuego.,"S, V","Concentración, hasta 1 minuto","Energía, Ruina",,8º círculo,30 casillas (radio de 4 casillas del punto elegido),No,1 acción,Concentración (https://app.notion.com/p/Concentraci-n-ae225ac34e8d45eaa1895be889d50718?pvs=21)
Oscuridad Enloquecedora,"No es solo que no puedas ver nada; es que en esa oscuridad oyes cosas que no deberías, y te crees cada una.
","M, S, V","Concentración, hasta 10 minutos","Espejismo, Mente, Ruina",Un fragmento de obsidiana —consumible,8º círculo,18 casillas,No,1 acción,Concentración (https://app.notion.com/p/Concentraci-n-ae225ac34e8d45eaa1895be889d50718?pvs=21)
Laberinto,"La criatura desaparece sin un grito, atrapada en un lugar sin paredes que de algún modo no tiene salida.","S, V","Concentración, hasta 10 minutos","Mente, Realidad",,8º círculo," 6 casillas",No,1 acción,Concentración (https://app.notion.com/p/Concentraci-n-ae225ac34e8d45eaa1895be889d50718?pvs=21)
Mente en Blanco,Donde había recuerdos ahora solo hay un silencio limpio y terrible que no sabe que es silencio.,"S, V",24 horas,Mente,,8º círculo,Toque,No,1 acción,Intervalo de tiempo (https://app.notion.com/p/Intervalo-de-tiempo-15b82858a775800db5ebfb0fb6129245?pvs=21)
Ancla Temporal,El mago cierra el puño y el tiempo se atasca alrededor del objetivo como barro espeso e inamovible.,"M, S, V","Concentración, hasta 1 minuto","Destino, Realidad",Arena de reloj de arena —consumible,8º círculo," 12 casillas",No,1 reacción,Concentración (https://app.notion.com/p/Concentraci-n-ae225ac34e8d45eaa1895be889d50718?pvs=21)
Burbuja Temporal,Dentro de la burbuja el tiempo se estira como caramelo: un segundo allí dura una eternidad aquí fuera.,"M, S, V","Concentración, hasta 1 minuto",Realidad,"Un reloj de arena de arena dorada, 500 po ",8º círculo,6 casillas,No,1 acción,Concentración (https://app.notion.com/p/Concentraci-n-ae225ac34e8d45eaa1895be889d50718?pvs=21)
Pluma Corrosiva,"La pluma cae como si nada y donde toca, el metal llora, la piedra suspira y la carne se recuerda líquida.","M, S, V",Instantáneo,"Catálisis, Energía, Ruina",Una pluma bañada en ácido de wyrm —consumible,8º círculo,24 casillas,No,1 acción,Instantáneo (https://app.notion.com/p/Instant-neo-fd7b6c1ffff0428884c14c221d445309?pvs=21)
Armadura de Gólem,"El metal obedece, se dobla, se suelda solo y viste al portador como si siempre hubiera sido parte de él.","M, S, V","Concentración, hasta 1 hora","Cinético, Origen",Polvo de hierro fundido y un rubí de al menos 500 po —ambos consumibles,8º círculo,Toque,No,1 acción,Concentración (https://app.notion.com/p/Concentraci-n-ae225ac34e8d45eaa1895be889d50718?pvs=21)
Arenas de Sueño,La arena dorada cae suave y las criaturas desaparecen en un sueño que no saben que no es real.,"M, S, V","Concentración, hasta 1 minuto","Catálisis, Mente",Arenas formadas por un Nudo—consumible,8º círculo,20 casillas (radio de 5 casillas),No,1 acción,Concentración (https://app.notion.com/p/Concentraci-n-ae225ac34e8d45eaa1895be889d50718?pvs=21)
Hora de Terror,La oscuridad que emana del nigromante no es fría; es la fría certeza de que esta hora podría ser la última.,"S, V","Concentración, hasta 1 minuto","Mente, Ruina",,8º círculo,Personal (radio de 6 casillas),No,1 acción,Concentración (https://app.notion.com/p/Concentraci-n-ae225ac34e8d45eaa1895be889d50718?pvs=21)
Expulsar Alma,"El cuerpo sigue de pie, pero algo esencial ha sido arrancado de él; ahora no es más que una casa vacía.","M, S, V","Concentración, hasta 1 minuto","Realidad, Ruina",Un fragmento de hueso de no-muerto inteligente —consumible,8º círculo,6 casillas,No,1 acción,Concentración (https://app.notion.com/p/Concentraci-n-ae225ac34e8d45eaa1895be889d50718?pvs=21)
Vértigo,"El horizonte gira, el suelo sube, el techo baja; nada está donde debería y el cuerpo ya no sabe qué hacer.","S, V","Concentración, hasta 1 minuto","Cinético, Mente",,8º círculo,18 casillas,No,1 acción,Concentración (https://app.notion.com/p/Concentraci-n-ae225ac34e8d45eaa1895be889d50718?pvs=21)
Deseo,La palabra más antigua reescribe la realidad a voluntad del que se atreve a pronunciarla.,V,Instantáneo,"Destino, Realidad",,9º círculo,Personal,No,1 acción,Instantáneo (https://app.notion.com/p/Instant-neo-fd7b6c1ffff0428884c14c221d445309?pvs=21)
Expansión de Dominio,"Un susurro de poder y la tierra obedece, alzando paredes donde antes había nada.","M, S, V",Permanente,"Origen, Realidad","Una maqueta del dominio tallada en obsidiana, valor 5.000 po, consumida",9º círculo," Personal (60 casillas de radio)",Yes,1 hora,Intervalo de tiempo (https://app.notion.com/p/Intervalo-de-tiempo-15b82858a775800db5ebfb0fb6129245?pvs=21)
Presencia,Tu esencia lo ocupa todo; las mentes débiles se quiebran solo con percibirte.,"S, V","Concentración, hasta 1 minuto","Destino, Mente",,9º círculo,24 casillas,No,1 acción,Concentración (https://app.notion.com/p/Concentraci-n-ae225ac34e8d45eaa1895be889d50718?pvs=21)
Palabra de Poder: Matar,"Una sola sílaba, oscura como la muerte misma, y el corazón se detiene para siempre.",V,Instantáneo,"Mente, Ruina",,9º círculo,12 casillas,No,1 acción,Instantáneo (https://app.notion.com/p/Instant-neo-fd7b6c1ffff0428884c14c221d445309?pvs=21)
Cautiverio,Cadenas invisibles forjadas en el destino mismo no distinguen entre carne y alma.,"M, S, V",Hasta 30 días o hasta ser disipado,"Destino, Origen","Cadenas de plata grabadas con runas, valor 1.000 po, consumidas",9º círculo,4 casillas,Yes,1 minuto,Intervalo de tiempo (https://app.notion.com/p/Intervalo-de-tiempo-15b82858a775800db5ebfb0fb6129245?pvs=21)
Umbral,Entre dos puntos del espacio se abre una grieta que desafía toda lógica de distancia.,"M, S, V","Concentración, hasta 1 minuto",Realidad,"Un fragmento de portal antiguo o gema de teletransporte, valor 2.000 po",9º círculo,16 casillas,No,1 acción,Concentración (https://app.notion.com/p/Concentraci-n-ae225ac34e8d45eaa1895be889d50718?pvs=21)
Tormenta de Venganza,Los cielos se rasgan y la tormenta descarga siglos de furia divina sobre tus enemigos.,"S, V","Concentración, hasta 1 minuto",Energía,,9º círculo,Personal (240 casillas de radio),No,1 acción,Concentración (https://app.notion.com/p/Concentraci-n-ae225ac34e8d45eaa1895be889d50718?pvs=21)
Detener el Tiempo,El mundo se congela en un instante perfecto; solo tú sigues moviéndote entre lo inmóvil.,V,"Instantáneo ",Realidad,,9º círculo,Personal,No,1 acción,Instantáneo (https://app.notion.com/p/Instant-neo-fd7b6c1ffff0428884c14c221d445309?pvs=21)
Muro Prismático,Siete colores del espectro se alzan como una barrera que castiga todo lo que osa tocarla.,"S, V"," Concentración, hasta 10 minutos","Energía, Espejismo",,9º círculo,12 casillas,No,1 acción,Concentración (https://app.notion.com/p/Concentraci-n-ae225ac34e8d45eaa1895be889d50718?pvs=21)
Palabra de Poder: Sanar,Una sola palabra sagrada reconstruye cuerpo y espíritu desde sus mismos cimientos.,V,Instantáneo,Restauración,,9º círculo,12 casillas,No,1 acción,Instantáneo (https://app.notion.com/p/Instant-neo-fd7b6c1ffff0428884c14c221d445309?pvs=21)
Némesis Inexorable,El destino se convierte en verdugo; el universo conspira para que el elegido no escape.,"M, S, V","Concentración, hasta 1 hora","Destino, Ruina","Un retrato o pertenencia personal del objetivo, consumido",9º círculo,24 casillas,No,1 acción,Concentración (https://app.notion.com/p/Concentraci-n-ae225ac34e8d45eaa1895be889d50718?pvs=21)
Agujero Negro,"Un punto de oscuridad perfecta devora luz, materia y magia con hambre insaciable.","M, S, V","Concentración, hasta 1 minuto","Cénit, Realidad","Un diamante negro, valor mínimo 5.000 po, consumido",9º círculo,"30 casillas ",No,1 acción,Concentración (https://app.notion.com/p/Concentraci-n-ae225ac34e8d45eaa1895be889d50718?pvs=21)
Manipular el Destino,Los hilos del destino se enredan en tus dedos; lo que era fortuito ahora es tu voluntad.,"M, S, V","Concentración, hasta 1 minuto","Destino, Realidad","Un dado tallado en marfil de dragón, valor 500 po",9º círculo,20 casillas,No,1 acción,Concentración (https://app.notion.com/p/Concentraci-n-ae225ac34e8d45eaa1895be889d50718?pvs=21)
Supernova,Una explosión de energía estelar arrasa con todo en el campo de batalla en un instante.,"M, S, V",Instantáneo,"Cinético, Energía","Un fragmento de meteorito, valor 1.000 po, consumido",9º círculo,20 casillas (radio desde un punto elegido a 100 pies),No,1 acción,Instantáneo (https://app.notion.com/p/Instant-neo-fd7b6c1ffff0428884c14c221d445309?pvs=21)
Combustión,El aire mismo se convierte en fuego; cada bocanada es una agonía de llamas interiores.,"M, S, V","Concentración, hasta 1 minuto","Catálisis, Energía","Una astilla de madera negra y azufre, consumidos",9º círculo,20 casillas,No,1 acción,Concentración (https://app.notion.com/p/Concentraci-n-ae225ac34e8d45eaa1895be889d50718?pvs=21)
Megalito,La tierra obedece y se alza como un titán de piedra que aplasta todo bajo su sombra.,"M, S, V",Instantáneo,"Catálisis, Cénit","Tierra del lugar donde se lanzará, recogida hace menos de 1 hora",9º círculo," 40 casillas",No,1 acción,Instantáneo (https://app.notion.com/p/Instant-neo-fd7b6c1ffff0428884c14c221d445309?pvs=21)
Resonancia,Una frecuencia imposible hace vibrar los átomos de la materia hasta que todo se deshace.,"S, V","Concentración, hasta 1 minuto",Energía,,9º círculo,"40 casillas ",No,1 acción,Concentración (https://app.notion.com/p/Concentraci-n-ae225ac34e8d45eaa1895be889d50718?pvs=21)
Ordenanza de Colores,Siete chorros de luz coloreada brotan de tu mano y dictan el destino de tus enemigos.,"M, S, V",Instantáneo,"Destino, Espejismo","Siete piedras de colores distintos, consumidas",9º círculo,24 casillas,No,1 acción,Instantáneo (https://app.notion.com/p/Instant-neo-fd7b6c1ffff0428884c14c221d445309?pvs=21)
Ordenanza del Metal,"Llamas al metal y este responde como un ejército fiel, doblando la materia a tu mando.","M, S, V","Concentración, hasta 1 minuto","Cénit, Energía","Una moneda de cobre, plata y oro, consumidas",9º círculo,30 casillas,No,1 acción,Concentración (https://app.notion.com/p/Concentraci-n-ae225ac34e8d45eaa1895be889d50718?pvs=21)
Ordenanza de Madera,"Los árboles recuerdan que fueron gigantes; bajo tu llamado, vuelven a serlo.","M, S, V","Concentración, hasta 10 minutos","Cénit, Simbiosis","Una rama de árbol milenario, consumida",9º círculo,40 casillas,No,1 acción,Concentración (https://app.notion.com/p/Concentraci-n-ae225ac34e8d45eaa1895be889d50718?pvs=21)
Ordenanza de las Tormentas,Llamas a la tormenta perfecta y esta te reconoce como su señor y origen.,"M, S, V","Concentración, hasta 10 minutos",Energía,"Polvo de piedra de tormenta, valor 500 po, consumido",9º círculo,Personal (60 casillas de radio),No,1 acción,Concentración (https://app.notion.com/p/Concentraci-n-ae225ac34e8d45eaa1895be889d50718?pvs=21)
Amnesia,"Sus ojos permanecen abiertos, pero todo lo que fue se ha ido para siempre.","M, S, V",Permanente (hasta ser disipado con Restablecimiento mayor o Deseo),Mente,"Ceniza de pergamino quemado y un cabello del objetivo, consumidos",9º círculo,12 casillas,No,1 acción,Intervalo de tiempo (https://app.notion.com/p/Intervalo-de-tiempo-15b82858a775800db5ebfb0fb6129245?pvs=21)
Medianoche,Una oscuridad que no es ausencia de luz sino presencia de algo mucho más antiguo.,"M, S, V","Concentración, hasta 10 minutos",Espejismo,"Polvo de piedra lunar y tinta de calamar nocturno, consumidos",9º círculo,"Personal (40 casillas de radio, 200 pies)",No,1 acción,Concentración (https://app.notion.com/p/Concentraci-n-ae225ac34e8d45eaa1895be889d50718?pvs=21)
Ordenamiento de la Oscuridad,"La oscuridad se convierte en arquitecto; reordena el espacio para que los intrusos se pierdan para siempre.
","M, S, V","Concentración, hasta 8 horas","Espejismo, Mente","Un cristal negro tallado con runas de ocultación, valor 2.000 po, consumido",9º círculo,30 casillas,Yes,1 minuto,Concentración (https://app.notion.com/p/Concentraci-n-ae225ac34e8d45eaa1895be889d50718?pvs=21)
Muerte Roja,"La sangre se convierte en arma; explota desde dentro hacia fuera, sin escapatoria posible.","M, S, V",Instantáneo,Ruina,"Sangre del lanzador; debe autoinfligirse al menos 2d6 de daño antes de lanzar, no mitigable",9º círculo,"20 casillas ",No,1 acción,Instantáneo (https://app.notion.com/p/Instant-neo-fd7b6c1ffff0428884c14c221d445309?pvs=21)
Pestilencia,Una plaga de origen sobrenatural se extiende entre los vivos como fuego entre la paja.,"M, S, V","Especial ",Ruina,"Carne en descomposición y polvo de hueso, consumidos",9º círculo," 20 casillas",No,1 acción,Intervalo de tiempo (https://app.notion.com/p/Intervalo-de-tiempo-15b82858a775800db5ebfb0fb6129245?pvs=21)
Imagen de Terror,"La ilusión se retuerce en algo imposible, un horror que solo tú puedes ver.","S, V","Concentración, hasta 1 minuto","Espejismo, Mente",,4º círculo,24 casillas,No,1 acción,Concentración (https://app.notion.com/p/Concentraci-n-ae225ac34e8d45eaa1895be889d50718?pvs=21)
Toque de la Condena,"La mano del lanzador se vuelve negra como el betún; donde toca, la carne no cierra.","M, S, V",1 minuto,Ruina,Una astilla de hueso ennegrecido,1º círculo,Toque,No,1 acción,Intervalo de tiempo (https://app.notion.com/p/Intervalo-de-tiempo-15b82858a775800db5ebfb0fb6129245?pvs=21)
Pacto de Sangre Ardiente,"El fuego entra por la herida; la sangre hierve, y el cuerpo del enemigo traiciona su voluntad.","M, S, V","Concentración, hasta 1 minuto","Energía, Ruina","Una gota de sangre del lanzador y un fragmento de carbón encendido, consumidos",3º círculo,12 casillas,No,1 acción,Concentración (https://app.notion.com/p/Concentraci-n-ae225ac34e8d45eaa1895be889d50718?pvs=21)
Tentáculos sobrenaturales,Apéndices oscuros de carne y sombra emergen hambrientos desde el vacío entre mundos.,"M, S, V"," Concentración, hasta 1 minuto","Origen, Simbiosis",un trozo de piel de pulpo o calamar gigante y una gota de tinta negra,4º círculo,18 casillas,No,1 acción,Concentración (https://app.notion.com/p/Concentraci-n-ae225ac34e8d45eaa1895be889d50718?pvs=21)
Corte a Presión,El aire se fractura en un filo invisible de presión pura que corta la materia como papel mojado.,"M, S, V",Instantáneo,"Catálisis, Cinético",Un fragmento de obsidiana afilada que se consume al lanzar,5º círculo,"12 casillas ",No,1 acción,Instantáneo (https://app.notion.com/p/Instant-neo-fd7b6c1ffff0428884c14c221d445309?pvs=21)
Hablar con los Muertos,"La carne yace quieta, pero la sombra aún recuerda. Susurra.","M, S, V",10 minutos,Ruina,"ceniza de hueso quemado, valor 10 PO ",3º círculo,1 casilla,Yes,1 acción,Intervalo de tiempo (https://app.notion.com/p/Intervalo-de-tiempo-15b82858a775800db5ebfb0fb6129245?pvs=21)
Rayo de Enfermedad,"Una lanza de luz putrefacta brota de tu palma, carcomiendo la carne desde dentro.","S, V",Instantáneo,Ruina,,1º círculo,12 casillas,No,1 acción,Instantáneo (https://app.notion.com/p/Instant-neo-fd7b6c1ffff0428884c14c221d445309?pvs=21)
Mala Sangre,"Corrompes el flujo vital del objetivo, convirtiendo su sangre en veneno líquido.","M, S, V","Concentración, hasta 1 minuto","Catálisis, Ruina",Una gota de sangre podrida,1º círculo,6 casillas,No,1 acción,Concentración (https://app.notion.com/p/Concentraci-n-ae225ac34e8d45eaa1895be889d50718?pvs=21)
Veneno Nauseoso,Exhalas una nube viscosa de miasma tóxico que pudre el aire y revuelve las entrañas.,"M, S, V","Concentración, hasta 1 minuto","Catálisis, Ruina",Bilis de criatura venenosa,1º círculo,Emanación de 4 casillas centrado en ti,Yes,1 acción,Concentración (https://app.notion.com/p/Concentraci-n-ae225ac34e8d45eaa1895be889d50718?pvs=21)
Explosión Cerebral,"Una vena invisible rasga la mente del objetivo desde adentro, haciéndola estallar en fragmentos de pensamiento y dolor.

","M, S, V",Instantáneo,Mente,"Un ojo de criatura sensible, aplastado entre los dedos al lanzar — consumible",3º círculo,"12 casillas ",No,1 acción,Instantáneo (https://app.notion.com/p/Instant-neo-fd7b6c1ffff0428884c14c221d445309?pvs=21)
Invocar Enjambre,"Extiendes la mano y de la tierra surge una marea viviente de alas, aguijones y mandíbulas.","M, S, V","Concentración, hasta 1 hora","Origen, Simbiosis","Un panal de abeja, un capullo de seda o una crisálida aplastada",5º círculo," 6 casillas",No,1 acción,Concentración (https://app.notion.com/p/Concentraci-n-ae225ac34e8d45eaa1895be889d50718?pvs=21)
Nube de Niebla,"Una bruma sin origen abraza el aire, borrando contornos, silenciando sombras.","S, V","Concentración, hasta 1 hora",Espejismo,,1º círculo,18 casillas,No,1 acción,Concentración (https://app.notion.com/p/Concentraci-n-ae225ac34e8d45eaa1895be889d50718?pvs=21)
Caminar sobre Líquido,"La superficie tiembla un instante bajo el pie, y luego cede firme, como piedra viva.","M, S, V",1 hora,Catálisis,"Un trozo de corcho plano, no consumible",3º círculo,6 casillas,Yes,1 acción,Intervalo de tiempo (https://app.notion.com/p/Intervalo-de-tiempo-15b82858a775800db5ebfb0fb6129245?pvs=21)
Controlar el Agua,"El agua obedece una voluntad más antigua que la suya, y se doblega sin resistir.","M, S, V","Concentración, hasta 10 minutos",Catálisis,"Una gota de agua y un pellizco de polvo, no consumibles",4º círculo,60 casillas,No,1 acción,Concentración (https://app.notion.com/p/Concentraci-n-ae225ac34e8d45eaa1895be889d50718?pvs=21)
Fundirse en piedra,"La piel del lanzador se endurece en granito vivo, absorbiendo el mundo mineral que lo rodea.","M, S, V","Concentración, hasta 1 hora ","Catálisis, Cénit","Un fragmento de obsidiana pulida, 5 po",3º círculo,"Personal ",No,1 acción,Concentración (https://app.notion.com/p/Concentraci-n-ae225ac34e8d45eaa1895be889d50718?pvs=21)
Fisura de tierra,"La tierra grita, se parte y devora todo lo que osa sostenerse sobre ella.","M, S, V","Concentración, hasta 1 minuto",Cénit,"Un trozo de hueso triturado mezclado con tierra, consumible",5º círculo,24 casillas,No,1 acción,Concentración (https://app.notion.com/p/Concentraci-n-ae225ac34e8d45eaa1895be889d50718?pvs=21)
Voz del Horizonte,"El viento recoge tus palabras y las lleva, sin perderse, hasta quien conoces.","M, S, V",10 minutos,"Destino, Realidad","Un mechón de pelo o trozo de tela del destinatario, consumible",3º círculo,Ilimitado (ver descripción),No,1 acción,Intervalo de tiempo (https://app.notion.com/p/Intervalo-de-tiempo-15b82858a775800db5ebfb0fb6129245?pvs=21)
Talones del Viento del Este,El horizonte te llama; tus pies responden antes de que decidas moverte.,"M, S, V","Concentración, hasta 1 minuto","Cinético, Destino",Una pluma de ave migratoria atada al tobillo,3º círculo,Personal (8 casillas),No,1 acción bono,Concentración (https://app.notion.com/p/Concentraci-n-ae225ac34e8d45eaa1895be889d50718?pvs=21)
Ley del Camino Largo,"Quien pisa la llanura con propósito, la llanura lo sostiene.","M, S, V",24 horas,"Destino, Restauración, Simbiosis","Polvo de tierra del lugar donde nació el lanzador o donde comenzó su viaje más significativo, 25 PO, consumible; una vasija de barro con agua y hierbas del camino, no consumible",4º círculo,4 casillas,Yes,10 minutos,Intervalo de tiempo (https://app.notion.com/p/Intervalo-de-tiempo-15b82858a775800db5ebfb0fb6129245?pvs=21)
Manto de la Tundra,"El frío polar se asienta sobre los aliados como una manta invisible, endureciendo su carne contra el dolor.","M, S, V",8 horas,"Energía, Restauración",Una escama de hielo glacial de al menos 500 años de antigüedad,3º círculo,6 casillas,Yes,1 minuto,Intervalo de tiempo (https://app.notion.com/p/Intervalo-de-tiempo-15b82858a775800db5ebfb0fb6129245?pvs=21)
Tormenta Sepulcral,"Donde antes había aire, ahora ruge un invierno hambriento que devora el calor y el movimiento.
","M, S, V","Concentración, hasta 1 minuto","Cinético, Energía","Un fragmento de granizo del tamaño de un puño, consumible",4º círculo,"20 casillas; área de efecto: cilindro de 4 casillas de radio y 6 casillas de altura ",No,1 acción,Concentración (https://app.notion.com/p/Concentraci-n-ae225ac34e8d45eaa1895be889d50718?pvs=21)
Velo de Dunas,La arena susurra y el horizonte miente; lo que ves ya no es lo que está.,"M, S, V",8 horas,"Destino, Espejismo",Un puñado de arena del desierto,2º círculo,Personal (radio 24 casillas),Yes,10 minutos,Intervalo de tiempo (https://app.notion.com/p/Intervalo-de-tiempo-15b82858a775800db5ebfb0fb6129245?pvs=21)
Tormenta de Arena,"El viento se dobla, la arena obedece y el mundo desaparece en marrón abraso.","M, S, V","Concentración, hasta 1 minuto","Cénit, Energía","Un puñado de arena fina, consumible",3º círculo,"24 casillas ",No,1 acción,Concentración (https://app.notion.com/p/Concentraci-n-ae225ac34e8d45eaa1895be889d50718?pvs=21)
Espejismo de Oasis,"El agua reluce en la distancia; quien la desea demasiado, la encuentra de verdad.","M, S, V",24 horas,"Espejismo, Mente","Agua bendita o agua salada, 10 PO, consumible",3º círculo,30 casillas,Yes,1 minuto,Intervalo de tiempo (https://app.notion.com/p/Intervalo-de-tiempo-15b82858a775800db5ebfb0fb6129245?pvs=21)
Calor Implacable,El sol del desierto no castiga; simplemente consume todo lo que toca sin remedio.,"S, V",Instantáneo,"Energía, Ruina",,4º círculo,20 casillas (área: cono de 8 casillas),No,1 acción,Instantáneo (https://app.notion.com/p/Instant-neo-fd7b6c1ffff0428884c14c221d445309?pvs=21)
Descanso de Caravana,Quien duerme bajo este conjuro sueña con agua fresca y despierta con el viento.,"M, S, V",8 horas,"Destino, Restauración","Aceite perfumado de ámbar y especias del desierto, 25 PO, consumible",4º círculo,Personal (radio 8 casillas),No,10 minutos,Intervalo de tiempo (https://app.notion.com/p/Intervalo-de-tiempo-15b82858a775800db5ebfb0fb6129245?pvs=21)
Marea de Arena,"La duna no avanza: se desploma, y todo lo que estaba delante ya no existe.","M, S, V",Instantáneo,"Catálisis, Cénit","Puñado de arena del desierto, consumible",5º círculo,"30 casillas (línea de 12 casillas de largo, 3 casillas de ancho)",No,1 acción,Instantáneo (https://app.notion.com/p/Instant-neo-fd7b6c1ffff0428884c14c221d445309?pvs=21)
Chispazo Inestable,"Un dardo de energía sin forma definida escupe del Tapiz, indeciso entre existir y no existir.","S, V",Instantáneo,"Cinético, Realidad",,Truco,12 casillas,No,1 acción,Instantáneo (https://app.notion.com/p/Instant-neo-fd7b6c1ffff0428884c14c221d445309?pvs=21)
Eco de lo Innombrable,Proyectas un fragmento de la nada anterior al Tapiz; las mentes cercanas recuerdan un vacío que nunca vivieron.,"M, S, V","Concentración, hasta 1 minuto","Mente, Realidad","Una esquirla de un Jirón conservada en cristal, 80 PO",4º círculo,18 casillas (esfera de radio 4 casillas),No,1 acción,Concentración (https://app.notion.com/p/Concentraci-n-ae225ac34e8d45eaa1895be889d50718?pvs=21)
Marea Primordial,"Una ola de sustancia precreacional —ni líquida, ni sólida, ni cálida, ni fría— arrasa la línea elegida.



","M, S, V",Instantáneo,"Catálisis, Realidad","Un frasco con agua de un Nudo recién formado, 150 PO, consumible",5º círculo,18 casillas (línea de 12 casillas de largo y 3 de ancho),No,1 acción,Instantáneo (https://app.notion.com/p/Instant-neo-fd7b6c1ffff0428884c14c221d445309?pvs=21)
Marca del Silencio,Imprimes en el objetivo una señal invisible que el Tapiz reconoce como vacío y ausencia.,"M, S, V",24 horas,"Destino, Ruina",Ceniza de pergamino mágico quemado,1º círculo,10 casillas,Yes,10 minutos,Intervalo de tiempo (https://app.notion.com/p/Intervalo-de-tiempo-15b82858a775800db5ebfb0fb6129245?pvs=21)
Maldición Supresora,Las palabras de maldición se hunden en la mente del objetivo como piedras en agua silenciada.,"S, V"," Concentración, hasta 1 minuto","Mente, Ruina",,4º círculo,12 casillas,No,1 acción,Concentración (https://app.notion.com/p/Concentraci-n-ae225ac34e8d45eaa1895be889d50718?pvs=21)
Drenaje Vital,"Extiendes la mano y el hilo vital del objetivo se destensa, pálido y frío como ceniza.","S, V"," Instantáneo","Cinético, Ruina",,4º círculo," 10 casillas",No,1 acción,Instantáneo (https://app.notion.com/p/Instant-neo-fd7b6c1ffff0428884c14c221d445309?pvs=21)
Zona de Silencio Absoluto,El sonido muere. La magia tartamudea. El área entera olvida cómo ser arcana.,"M, S","
 1 hora","Destino, Realidad","Polvo de ópalo negro y carbón de un grimorio quemado, 200 PO, consumible",5º círculo,20 casillas (esfera de radio 6 casillas),Yes,10 minutos,Intervalo de tiempo (https://app.notion.com/p/Intervalo-de-tiempo-15b82858a775800db5ebfb0fb6129245?pvs=21)
Visión del Espíritu Ancestral,"Abres los ojos del espíritu que te acompaña; el mundo ya no puede mentirte.



","M, S, V","Concentración, hasta 1 hora","Destino, Espejismo","Un ojo de ave rapaz nocturna envuelto en hilo de plata, 75 PO",5º círculo,Personal,No,1 acción,Concentración (https://app.notion.com/p/Concentraci-n-ae225ac34e8d45eaa1895be889d50718?pvs=21)